ID	Haplogroup	HG_quality	Clade	Depth_median	Depth_mean	mtDNA_CN	Contam_level	Contam_status	N_hom	N_het	flag_depth	flag_contam	flag_hg	related	CV	MSS	N_flags	QC_pass
AA0234-01	H1b1a	0.969	N/R	3217	3199	187	0	NO	13	3	FALSE	FALSE	FALSE	FALSE	0.083	0.135	0	TRUE
AA0346-01	T2b5	0.964	N/R	4006	3977	232	0	NO	36	1	FALSE	FALSE	FALSE	FALSE	0.069	0.218	0	TRUE
AA0406-01	U4b1b1	0.987	N/R	3442	3428	198	0	NO	33	3	FALSE	FALSE	FALSE	FALSE	0.066	1.3	0	TRUE
AA0407-01	H5a1	0.985	N/R	5744	5722	336	0	YES	13	2	FALSE	FALSE	FALSE	FALSE	0.066	0.252	0	TRUE
AA0408-01	H1	1	N/R	3926	3913	228	0	YES	10	0	FALSE	FALSE	FALSE	FALSE	0.064	0	0	TRUE
AA0409-01	R6a2	0.876	N/R	3886	3874	230	0	NO	29	1	FALSE	FALSE	FALSE	FALSE	0.062	0.627	0	TRUE
AA0410-01	H3b1b1a	1	N/R	4391	4381	255	0	NO	16	1	FALSE	FALSE	FALSE	FALSE	0.062	0.435	0	TRUE
AA0411-01	H14b	0.817	N/R	4495	4480	242	0	YES	17	0	FALSE	FALSE	FALSE	FALSE	0.069	0	0	TRUE
AA0412-01	J1c2b5	1	N/R	3720	3704	224	0	NO	31	0	FALSE	FALSE	FALSE	TRUE	0.065	0	0	TRUE
AA0414-01	H11a1	0.955	N/R	4649	4615	283	0	NO	16	1	FALSE	FALSE	FALSE	FALSE	0.071	0	0	TRUE
AA0415-01	V10a	1	N/R	3778	3773	256	0	YES	16	1	FALSE	FALSE	FALSE	TRUE	0.072	0.144	0	TRUE
AA0416-01	H3ao	0.946	N/R	4242	4219	250	0	NO	11	0	FALSE	FALSE	FALSE	FALSE	0.065	0	0	TRUE
AA0417-01	W1	0.958	N/R	4036	4025	233	0	NO	39	1	FALSE	FALSE	FALSE	FALSE	0.058	0.106	0	TRUE
AA0418-01	U5a1d1	0.989	N/R	1241	1236	74	0	NO	28	1	FALSE	FALSE	FALSE	FALSE	0.066	0.008	0	TRUE
AA0419-01	H4a1a1a1a	1	N/R	4399	4377	246	0	NO	18	0	FALSE	FALSE	FALSE	FALSE	0.072	0	0	TRUE
AA0420-01	U5a1a1	0.993	N/R	3161	3137	192	0	NO	26	0	FALSE	FALSE	FALSE	FALSE	0.076	0	0	TRUE
AA0422-01	T2b24	0.996	N/R	5000	4976	296	0	NO	34	1	FALSE	FALSE	FALSE	FALSE	0.071	0	0	TRUE
AA0430-01	V+@16298	0.917	N/R	3683	3657	206	0.001	YES	15	0	FALSE	FALSE	FALSE	FALSE	0.077	0	0	TRUE
AA0431-01	H10b	1	N/R	3814	3803	212	0	NO	9	1	FALSE	FALSE	FALSE	FALSE	0.073	0.338	0	TRUE
AA0432-01	N1b1a2	0.981	N/R	4176	4154	251	0	NO	38	0	FALSE	FALSE	FALSE	FALSE	0.077	0	0	TRUE
AA0433-01	U5b2a1a	0.904	N/R	6446	6390	370	0	YES	31	0	FALSE	FALSE	FALSE	FALSE	0.072	0	0	TRUE
AA0434-01	H6a1b2	1	N/R	4272	4242	247	0	NO	15	1	FALSE	FALSE	FALSE	FALSE	0.074	0.081	0	TRUE
AA0435-01	K1a1b1f	0.975	N/R	2941	2935	184	0	NO	38	0	FALSE	FALSE	FALSE	FALSE	0.076	0	0	TRUE
AA0436-01	H1aw	0.95	N/R	3632	3599	205	0	NO	13	4	FALSE	FALSE	FALSE	FALSE	0.079	0.578	0	TRUE
AA0437-01	K1c2	0.963	N/R	3841	3810	213	0	NO	36	1	FALSE	FALSE	FALSE	FALSE	0.075	0.035	0	TRUE
AA0438-01	K1c2	0.958	N/R	4358	4339	240	0	NO	37	3	FALSE	FALSE	FALSE	FALSE	0.075	0.582	0	TRUE
AA0440-01	T1a1	0.945	N/R	3729	3716	219	0	NO	33	2	FALSE	FALSE	FALSE	FALSE	0.075	0.001	0	TRUE
AA0441-01	H1g1	0.979	N/R	3113	3087	182	0	NO	11	1	FALSE	FALSE	FALSE	FALSE	0.106	0.221	0	TRUE
AA0442-01	H1e1	0.808	N/R	1522	1511	124	0	NO	16	0	FALSE	FALSE	FALSE	FALSE	0.124	0	0	TRUE
AA0443-01	U5a1a1	0.961	N/R	5242	5196	306	0	NO	27	1	FALSE	FALSE	FALSE	FALSE	0.081	0.586	0	TRUE
AA0445-01	K1a4a1a+195	0.979	N/R	3208	3187	176	0	NO	37	1	FALSE	FALSE	FALSE	FALSE	0.066	0.256	0	TRUE
AA0964-01	J1c1d	0.984	N/R	3170	3167	233	0	YES	30	0	FALSE	FALSE	FALSE	TRUE	0.09	0	0	TRUE
AA0964-03	J1c1d	0.984	N/R	3442	3427	252	0	YES	30	0	FALSE	FALSE	FALSE	TRUE	0.093	0	0	TRUE
AA1041-01	H3a1	0.958	N/R	1222	1219	91	0.001	YES	12	0	FALSE	FALSE	FALSE	FALSE	0.101	0	0	TRUE
AA1058-08	H51	0.894	N/R	1738	1719	93	0	NO	12	1	FALSE	FALSE	FALSE	FALSE	0.074	0.037	0	TRUE
AA2664-01	I1a1b	0.975	N/R	3274	3222	216	0	NO	40	8	FALSE	FALSE	FALSE	FALSE	0.084	0.923	0	TRUE
AA2665-01	H6a1b3a	0.982	N/R	5094	5020	319	0	NO	21	0	FALSE	FALSE	FALSE	FALSE	0.081	0	0	TRUE
AA2666-01	H10a1	0.957	N/R	3671	3654	224	0	NO	11	1	FALSE	FALSE	FALSE	FALSE	0.079	0.333	0	TRUE
AA2667-01	H2a2b1	0.853	N/R	4003	3960	217	0	NO	6	1	FALSE	FALSE	FALSE	FALSE	0.08	0.101	0	TRUE
AA2739-01	U2e1b	0.966	N/R	3666	3614	204	0	NO	37	4	FALSE	FALSE	FALSE	TRUE	0.083	0	0	TRUE
AA2739-04	U2e1b	0.966	N/R	2888	2836	186	0	NO	37	4	FALSE	FALSE	FALSE	TRUE	0.087	0	0	TRUE
AA2746-01	L2a5*1	0.904	L	2424	2391	192	0	NO	60	0	FALSE	FALSE	FALSE	FALSE	0.124	0	0	TRUE
AA2747-01	I3a	0.931	N/R	4191	4143	257	0	NO	40	6	FALSE	FALSE	FALSE	FALSE	0.092	0	0	TRUE
AA2750-01	H5a1	1	N/R	3975	3968	283	0	NO	11	0	FALSE	FALSE	FALSE	TRUE	0.094	0	0	TRUE
AA2754-01	H3b+16129	1	N/R	2551	2540	205	0	NO	10	2	FALSE	FALSE	FALSE	FALSE	0.098	0.141	0	TRUE
AA2757-01	V	0.884	N/R	3388	3375	245	0	NO	16	0	FALSE	FALSE	FALSE	FALSE	0.094	0	0	TRUE
AA2758-01	J2b1e	0.971	N/R	2639	2606	160	0	YES	34	0	FALSE	FALSE	FALSE	FALSE	0.078	0	0	TRUE
AA2766-01	H1aj	0.801	N/R	2059	2057	192	0	NO	13	1	FALSE	FALSE	FALSE	FALSE	0.1	0.489	0	TRUE
AA2768-01	H1as	1	N/R	7436	7340	475	0	NO	9	1	FALSE	FALSE	FALSE	FALSE	0.08	0.105	0	TRUE
AA2769-01	H1b1+16362	1	N/R	3723	3662	258	0	NO	12	1	FALSE	FALSE	FALSE	TRUE	0.092	0.293	0	TRUE
AA2770-01	H13a1a	0.922	N/R	4620	4605	336	0	YES	15	1	FALSE	FALSE	FALSE	FALSE	0.099	0.51	0	TRUE
AA2772-04	V	1	N/R	2585	2554	157	0	NO	12	0	FALSE	FALSE	FALSE	FALSE	0.074	0	0	TRUE
AA2773-01	H4a1a1	0.963	N/R	4323	4303	315	0	NO	15	0	FALSE	FALSE	FALSE	TRUE	0.073	0	0	TRUE
AA2775-01	J1c4	0.994	N/R	2605	2582	211	0.001	YES	29	1	FALSE	FALSE	FALSE	FALSE	0.104	0.022	0	TRUE
AA2778-01	U2e2a1a	0.978	N/R	1767	1754	124	0	NO	37	0	FALSE	FALSE	FALSE	TRUE	0.122	0	0	TRUE
AA2778-04	U2e2a1a	0.978	N/R	1264	1249	83	0	NO	37	0	FALSE	FALSE	FALSE	TRUE	0.124	0	0	TRUE
AA2780-01	L2c	0.984	L	2726	2716	177	0.001	YES	57	1	FALSE	FALSE	FALSE	FALSE	0.099	0	0	TRUE
AA2781-01	H7	0.913	N/R	1219	1214	81	0	NO	10	0	FALSE	FALSE	FALSE	FALSE	0.111	0	0	TRUE
AA2782-01	B4d1	0.868	N/R	3567	3527	221	0	NO	20	0	FALSE	FALSE	FALSE	FALSE	0.113	0	0	TRUE
AA2785-01	J1c5	0.942	N/R	1989	1980	212	0	NO	31	0	FALSE	FALSE	FALSE	FALSE	0.089	0	0	TRUE
AA2788-01	H14b3	0.995	N/R	4019	4009	273	0	NO	12	2	FALSE	FALSE	FALSE	FALSE	0.082	0.475	0	TRUE
AA2791-01	J1c5a1	0.982	N/R	9189	9072	504	0	NO	31	0	FALSE	FALSE	FALSE	FALSE	0.073	0	0	TRUE
AA2793-01	H5a2	0.976	N/R	1093	1088	87	0.005	YES	12	0	FALSE	FALSE	FALSE	FALSE	0.11	0	0	TRUE
AA2795-01	T1a1	0.979	N/R	1619	1619	107	0.001	YES	33	0	FALSE	FALSE	FALSE	FALSE	0.098	0	0	TRUE
AA2797-01	H1b1e	1	N/R	2766	2750	283	0	NO	12	0	FALSE	FALSE	FALSE	FALSE	0.087	0	0	TRUE
AA2798-01	H1b1	0.959	N/R	3505	3481	178	0	NO	12	4	FALSE	FALSE	FALSE	FALSE	0.101	0.977	0	TRUE
AA2805-01	H2a2a1	0.5	N/R	3008	3002	195	0	NO	6	1	FALSE	FALSE	FALSE	FALSE	0.09	0	0	TRUE
AA2806-01	J1c2e	1	N/R	1864	1852	110	0	NO	29	1	FALSE	FALSE	FALSE	FALSE	0.107	0	0	TRUE
AA2807-01	J1c2	1	N/R	3365	3339	250	0	NO	28	1	FALSE	FALSE	FALSE	TRUE	0.096	0.358	0	TRUE
AA2809-01	H1b3	0.879	N/R	1884	1862	133	0.001	YES	13	0	FALSE	FALSE	FALSE	FALSE	0.116	0	0	TRUE
AA2814-01	U4a3a	1	N/R	2571	2559	219	0	NO	34	2	FALSE	FALSE	FALSE	FALSE	0.095	0	0	TRUE
AA2816-01	J1c1	0.949	N/R	1866	1865	104	0.001	YES	32	2	FALSE	FALSE	FALSE	FALSE	0.1	0.936	0	TRUE
AA2817-01	H5a1	0.975	N/R	3153	3136	255	0	NO	12	0	FALSE	FALSE	FALSE	FALSE	0.107	0	0	TRUE
AA2818-01	X2c1	0.975	N/R	2353	2320	175	0	NO	27	0	FALSE	FALSE	FALSE	FALSE	0.13	0	0	TRUE
AA2820-01	H1	0.927	N/R	2453	2437	214	0	NO	11	0	FALSE	FALSE	FALSE	TRUE	0.1	0	0	TRUE
AA2824-01	H4a1a1	0.963	N/R	1931	1926	157	0.001	YES	15	3	FALSE	FALSE	FALSE	TRUE	0.089	1.383	0	TRUE
AA2825-01	H56	0.847	N/R	3323	3311	230	0	YES	12	0	FALSE	FALSE	FALSE	FALSE	0.097	0	0	TRUE
AA2826-01	V+@16298	0.965	N/R	3411	3408	215	0	NO	12	1	FALSE	FALSE	FALSE	FALSE	0.093	0.541	0	TRUE
AA2828-01	H1q1a	1	N/R	1885	1879	102	0.01	YES	11	0	FALSE	FALSE	FALSE	FALSE	0.094	0	0	TRUE
AA2831-01	H1b	0.969	N/R	3255	3232	195	0.001	YES	10	0	FALSE	FALSE	FALSE	FALSE	0.106	0	0	TRUE
AA2836-01	H8c2	1	N/R	1651	1648	109	0	NO	18	1	FALSE	FALSE	FALSE	FALSE	0.102	0.213	0	TRUE
AA2837-01	H5c2	0.945	N/R	3360	3351	285	0	NO	13	2	FALSE	FALSE	FALSE	FALSE	0.101	0.632	0	TRUE
AA2838-01	U4a1b2	0.983	N/R	3062	3055	264	0	NO	33	2	FALSE	FALSE	FALSE	FALSE	0.107	0.324	0	TRUE
AA2841-01	H31	1	N/R	2422	2406	154	0	NO	11	1	FALSE	FALSE	FALSE	FALSE	0.091	0	0	TRUE
AA2842-01	U5b1b1+@16192	1	N/R	1307	1295	93	0.001	YES	25	1	FALSE	FALSE	FALSE	FALSE	0.122	0.683	0	TRUE
AA2843-01	H3k	0.975	N/R	2436	2406	143	0	NO	11	1	FALSE	FALSE	FALSE	FALSE	0.08	0.719	0	TRUE
AA2845-01	V+@16298	0.934	N/R	3498	3506	250	0.001	YES	13	1	FALSE	FALSE	FALSE	FALSE	0.094	0.896	0	TRUE
AA2848-01	T2b7a	0.985	N/R	2463	2431	129	0	NO	37	1	FALSE	FALSE	FALSE	FALSE	0.078	0.572	0	TRUE
AA2853-01	H3	0.955	N/R	3142	3135	206	0	NO	10	0	FALSE	FALSE	FALSE	FALSE	0.101	0	0	TRUE
AA2854-01	H1ba	0.839	N/R	1420	1419	93	0	NO	14	0	FALSE	FALSE	FALSE	FALSE	0.105	0	0	TRUE
AA2855-01	J1c8a	1	N/R	1563	1560	125	0	NO	28	0	FALSE	FALSE	FALSE	FALSE	0.094	0	0	TRUE
AA2868-01	W3a1b	0.954	N/R	3457	3455	239	0	YES	38	1	FALSE	FALSE	FALSE	FALSE	0.096	0.089	0	TRUE
AA2869-01	H35	1	N/R	1978	1957	113	0	NO	9	0	FALSE	FALSE	FALSE	FALSE	0.075	0	0	TRUE
AA2870-01	H2a1	0.901	N/R	2881	2839	173	0	NO	9	0	FALSE	FALSE	FALSE	FALSE	0.076	0	0	TRUE
AA2872-01	H1e1a	0.919	N/R	2123	2110	128	0	YES	14	1	FALSE	FALSE	FALSE	FALSE	0.104	0.256	0	TRUE
AA2874-01	K2b1a1a	1	N/R	3380	3386	241	0	NO	34	2	FALSE	FALSE	FALSE	FALSE	0.095	0.587	0	TRUE
AA2875-01	H3b4a	0.89	N/R	3434	3419	223	0	NO	16	2	FALSE	FALSE	FALSE	FALSE	0.104	0.812	0	TRUE
AA2880-01	K1b2a	0.994	N/R	3629	3624	280	0	NO	33	1	FALSE	FALSE	FALSE	FALSE	0.087	0.089	0	TRUE
AA2881-01	U5a2c4	0.989	N/R	4783	4789	309	0	YES	23	0	FALSE	FALSE	FALSE	FALSE	0.092	0	0	TRUE
AA2882-01	U5b1+16189	0.95	N/R	6076	6074	321	0	NO	27	2	FALSE	FALSE	FALSE	FALSE	0.087	0.365	0	TRUE
AA2883-01	U5a1a1+152	1	N/R	3547	3547	230	0	YES	26	1	FALSE	FALSE	FALSE	FALSE	0.094	0	0	TRUE
AA2885-01	H1au1a	1	N/R	1950	1943	131	0	NO	11	0	FALSE	FALSE	FALSE	FALSE	0.096	0	0	TRUE
AA2886-01	R9c1a	0.962	N/R	3363	3361	194	0	NO	29	0	FALSE	FALSE	FALSE	FALSE	0.102	0	0	TRUE
AA2894-01	H5p	0.958	N/R	3819	3829	231	0	NO	12	1	FALSE	FALSE	FALSE	FALSE	0.091	0.087	0	TRUE
AA2895-01	V	0.925	N/R	1858	1851	151	0	NO	18	0	FALSE	FALSE	FALSE	FALSE	0.114	0	0	TRUE
AA2897-01	H52	0.859	N/R	3175	3144	220	0	NO	13	0	FALSE	FALSE	FALSE	FALSE	0.118	0	0	TRUE
AA2900-01	W1	0.924	N/R	1081	1075	77	0	NO	38	2	FALSE	FALSE	FALSE	FALSE	0.097	0.362	0	TRUE
AA2901-01	H6a1b3	0.982	N/R	2105	2084	127	0	NO	17	0	FALSE	FALSE	FALSE	TRUE	0.082	0	0	TRUE
AA2902-01	V10a	1	N/R	2651	2627	169	0	NO	16	3	FALSE	FALSE	FALSE	TRUE	0.071	0.615	0	TRUE
AA2903-01	K1a1b	0.958	N/R	4898	4900	232	0	NO	33	2	FALSE	FALSE	FALSE	FALSE	0.089	0.14	0	TRUE
AA2904-01	X2e1a1	0.96	N/R	2967	2932	184	0	NO	29	1	FALSE	FALSE	FALSE	FALSE	0.076	0	0	TRUE
AA2905-01	V1a1	0.882	N/R	3506	3507	228	0	NO	21	0	FALSE	FALSE	FALSE	FALSE	0.093	0	0	TRUE
AA2907-01	T1a1q	0.987	N/R	3537	3509	205	0	NO	34	0	FALSE	FALSE	FALSE	FALSE	0.075	0	0	TRUE
AA2908-01	J1c1a	0.991	N/R	1623	1621	133	0.001	YES	30	0	FALSE	FALSE	FALSE	TRUE	0.1	0	0	TRUE
AA2909-01	K1b1a1	0.978	N/R	1857	1853	141	0	NO	41	2	FALSE	FALSE	FALSE	FALSE	0.106	1.468	0	TRUE
AA2911-01	H1e	0.941	N/R	3338	3315	221	0	YES	10	4	FALSE	FALSE	FALSE	FALSE	0.115	0	0	TRUE
AA2913-01	T1a1k	0.992	N/R	7180	7179	769	0	NO	34	0	FALSE	FALSE	FALSE	FALSE	0.082	0	0	TRUE
AA2914-01	J1c2p	0.97	N/R	2241	2237	138	0	NO	32	2	FALSE	FALSE	FALSE	FALSE	0.088	0.845	0	TRUE
AA2915-01	H33a	1	N/R	2583	2575	172	0	NO	8	0	FALSE	FALSE	FALSE	FALSE	0.088	0	0	TRUE
AA2916-01	J1c2	1	N/R	3285	3283	189	0	NO	29	3	FALSE	FALSE	FALSE	FALSE	0.077	2.271	0	TRUE
AA2918-01	H1j	0.953	N/R	2067	2059	184	0	NO	12	0	FALSE	FALSE	FALSE	FALSE	0.102	0	0	TRUE
AA2919-01	K1a3a1b	0.982	N/R	2876	2869	208	0	NO	34	1	FALSE	FALSE	FALSE	FALSE	0.081	0.089	0	TRUE
AA2925-01	U4a2	0.95	N/R	2191	2180	200	0.001	YES	32	0	FALSE	FALSE	FALSE	FALSE	0.096	0	0	TRUE
AA2926-01	H5a1	1	N/R	2948	2927	257	0	NO	11	0	FALSE	FALSE	FALSE	TRUE	0.103	0	0	TRUE
AA2927-01	T2	0.973	N/R	2038	2035	126	0	NO	31	2	FALSE	FALSE	FALSE	FALSE	0.088	0.631	0	TRUE
AA2928-01	J1c2t	0.985	N/R	2577	2553	201	0	NO	30	0	FALSE	FALSE	FALSE	FALSE	0.106	0	0	TRUE
AA2932-01	M30c	0.516	M	2479	2459	215	0	NO	1	0	FALSE	FALSE	FALSE	FALSE	0.103	0	0	TRUE
AA2933-01	K1c2	0.96	N/R	2771	2752	266	0	NO	36	0	FALSE	FALSE	FALSE	FALSE	0.091	0	0	TRUE
AA2934-01	H26a1	0.994	N/R	2515	2496	208	0	NO	11	0	FALSE	FALSE	FALSE	FALSE	0.111	0	0	TRUE
AA2935-01	HV4a1*2	0.971	N/R	2586	2571	227	0	NO	15	1	FALSE	FALSE	FALSE	FALSE	0.095	0.04	0	TRUE
AA2936-01	H6a1b3a	1	N/R	2276	2255	201	0	NO	18	0	FALSE	FALSE	FALSE	FALSE	0.101	0	0	TRUE
AA2937-01	H10e	1	N/R	1398	1396	119	0.001	YES	10	1	FALSE	FALSE	FALSE	FALSE	0.098	0.834	0	TRUE
AA2939-01	H1u	0.982	N/R	2094	2080	190	0	YES	11	0	FALSE	FALSE	FALSE	FALSE	0.092	0	0	TRUE
AA2941-01	K1c2	0.943	N/R	2171	2159	117	0	NO	37	0	FALSE	FALSE	FALSE	FALSE	0.08	0	0	TRUE
AA2942-01	I2	0.941	N/R	2036	2004	123	0	NO	35	5	FALSE	FALSE	FALSE	FALSE	0.103	0	0	TRUE
AA2943-01	H1at1	0.946	N/R	2509	2496	233	0	NO	11	0	FALSE	FALSE	FALSE	FALSE	0.105	0	0	TRUE
AA2944-01	H1bd	0.978	N/R	3280	3268	204	0	YES	10	3	FALSE	FALSE	FALSE	FALSE	0.085	0.443	0	TRUE
AA2945-01	J2b1g	0.983	N/R	2362	2350	178	0.001	YES	34	2	FALSE	FALSE	FALSE	FALSE	0.093	0.172	0	TRUE
AA2950-01	HV12b1	0.987	N/R	3444	3429	259	0	YES	12	0	FALSE	FALSE	FALSE	FALSE	0.088	0	0	TRUE
AA2952-01	V15a	0.974	N/R	1859	1854	161	0.001	YES	15	0	FALSE	FALSE	FALSE	FALSE	0.099	0	0	TRUE
AA2954-01	T1a6	0.978	N/R	3336	3330	311	0	YES	31	0	FALSE	FALSE	FALSE	FALSE	0.095	0	0	TRUE
AA2955-01	W1c	0.96	N/R	2193	2187	180	0	NO	37	0	FALSE	FALSE	FALSE	FALSE	0.098	0	0	TRUE
AA2957-01	H4a1a1a	0.99	N/R	3076	3079	193	0	NO	17	1	FALSE	FALSE	FALSE	TRUE	0.087	0.827	0	TRUE
AA2960-01	H7b	0.959	N/R	1543	1540	119	0.001	YES	11	2	FALSE	FALSE	FALSE	FALSE	0.095	0.117	0	TRUE
AA2963-01	J1c3g	0.968	N/R	2324	2321	191	0	NO	29	0	FALSE	FALSE	FALSE	FALSE	0.092	0	0	TRUE
AA2975-01	J1b1a1	0.983	N/R	1907	1887	109	0	NO	36	2	FALSE	FALSE	FALSE	FALSE	0.1	0.432	0	TRUE
AA2977-01	V25	0.945	N/R	1190	1183	97	0	NO	15	1	FALSE	FALSE	FALSE	FALSE	0.103	0.101	0	TRUE
AA2979-01	T2c1d1	0.984	N/R	4500	4493	367	0	NO	37	5	FALSE	FALSE	FALSE	TRUE	0.092	1.971	0	TRUE
AA2979-01a	T2c1d1	0.984	N/R	5958	5880	383	0	NO	37	6	FALSE	FALSE	FALSE	TRUE	0.075	2.2	0	TRUE
AA2979-01b	T2c1d1	0.984	N/R	6963	6871	380	0	NO	37	6	FALSE	FALSE	FALSE	TRUE	0.073	2.2	0	TRUE
AA2981-01	H4a1a4b	1	N/R	1523	1518	108	0	NO	20	1	FALSE	FALSE	FALSE	FALSE	0.092	0.181	0	TRUE
AA2982-01	H1b1+16362	1	N/R	1311	1300	115	0	NO	12	0	FALSE	FALSE	FALSE	TRUE	0.112	0	0	TRUE
AA2983-01	X2b	0.989	N/R	2832	2817	227	0	YES	29	0	FALSE	FALSE	FALSE	FALSE	0.098	0	0	TRUE
AA2984-01	H1+16189	0.928	N/R	2315	2286	179	0	YES	10	0	FALSE	FALSE	FALSE	TRUE	0.116	0	0	TRUE
AA2984-04	H1+16189	0.928	N/R	2539	2500	133	0	NO	10	0	FALSE	FALSE	FALSE	TRUE	0.089	0	0	TRUE
AA2986-01	T2b13	0.98	N/R	4607	4601	272	0	NO	34	1	FALSE	FALSE	FALSE	FALSE	0.083	0.485	0	TRUE
AA2987-01	T1a1	0.976	N/R	2570	2552	224	0	YES	33	0	FALSE	FALSE	FALSE	FALSE	0.099	0	0	TRUE
AA2988-01	H2a1a1	0.975	N/R	2785	2758	130	0	NO	14	0	FALSE	FALSE	FALSE	FALSE	0.077	0	0	TRUE
AA2989-01	J1b4a1	1	N/R	27	28	100	0	NO	NA	NA	TRUE	FALSE	FALSE	FALSE	0.227	NA	1	FALSE
AA2990-01	V1a1b	0.956	N/R	2590	2576	171	0	NO	20	0	FALSE	FALSE	FALSE	FALSE	0.088	0	0	TRUE
AA2991-01	J1c1d	0.965	N/R	3997	3981	276	0	NO	30	1	FALSE	FALSE	FALSE	FALSE	0.087	0	0	TRUE
AA2993-01	J1b1a1	0.957	N/R	3881	3869	392	0	NO	37	0	FALSE	FALSE	FALSE	FALSE	0.086	0	0	TRUE
AA2994-01	H2a1b1	1	N/R	1987	1993	145	0	NO	11	0	FALSE	FALSE	FALSE	FALSE	0.093	0	0	TRUE
AA2995-01	T2b3b	0.973	N/R	1732	1718	113	0	NO	34	2	FALSE	FALSE	FALSE	FALSE	0.104	0.481	0	TRUE
AA2996-01	J1c3	0.986	N/R	2086	2080	186	0	NO	26	3	FALSE	FALSE	FALSE	FALSE	0.099	0.023	0	TRUE
AA2997-01	T2b4b	0.97	N/R	2602	2588	235	0	YES	35	1	FALSE	FALSE	FALSE	FALSE	0.096	0	0	TRUE
AA2998-01	H7d1	0.933	N/R	3211	3180	151	0	NO	13	3	FALSE	FALSE	FALSE	FALSE	0.068	0.134	0	TRUE
AA3000-01	U4b1b2	0.971	N/R	3096	3090	248	0	NO	34	1	FALSE	FALSE	FALSE	FALSE	0.086	0.172	0	TRUE
AA3002-01	H10e1	0.928	N/R	4068	4059	380	0	NO	13	1	FALSE	FALSE	FALSE	FALSE	0.083	0.297	0	TRUE
AA3009-01	B4a1a1a8	0.894	N/R	3946	3917	290	0	NO	30	0	FALSE	FALSE	FALSE	FALSE	0.098	0	0	TRUE
AA3010-01	H3a1*	1	N/R	3107	3099	204	0	NO	14	0	FALSE	FALSE	FALSE	FALSE	0.089	0	0	TRUE
AA3013-01	H2a2a1d	0.615	N/R	2926	2923	259	0.017	YES	2	1	FALSE	FALSE	FALSE	FALSE	0.091	0.428	0	TRUE
AA3014-01	H4a1a1a	1	N/R	2720	2710	206	0	YES	16	3	FALSE	FALSE	FALSE	FALSE	0.09	0.164	0	TRUE
AA3015-01	J2a1a1a2	1	N/R	4056	4051	321	0	NO	39	4	FALSE	FALSE	FALSE	FALSE	0.092	0.755	0	TRUE
AA3019-01	H1e1a	0.924	N/R	2787	2776	184	0	NO	14	0	FALSE	FALSE	FALSE	FALSE	0.094	0	0	TRUE
AA3020-01	U5b2b4a	1	N/R	2186	2172	136	0	NO	31	2	FALSE	FALSE	FALSE	FALSE	0.106	0.758	0	TRUE
AA3021-01	J1c1	0.985	N/R	1791	1786	157	0	NO	29	1	FALSE	FALSE	FALSE	TRUE	0.088	0.058	0	TRUE
AA3021-04	J1c1	0.985	N/R	2373	2375	211	0	NO	29	1	FALSE	FALSE	FALSE	TRUE	0.076	0.065	0	TRUE
AA3023-01	H4	0.889	N/R	1637	1622	144	0	NO	14	0	FALSE	FALSE	FALSE	FALSE	0.103	0	0	TRUE
AA3024-01	K1c2	0.983	N/R	2410	2407	188	0	NO	34	1	FALSE	FALSE	FALSE	TRUE	0.088	0	0	TRUE
AA3026-01	J2a1a1	0.968	N/R	2775	2783	150	0.001	YES	38	0	FALSE	FALSE	FALSE	FALSE	0.087	0	0	TRUE
AA3027-01	H1at1	0.946	N/R	1537	1538	138	0	NO	11	0	FALSE	FALSE	FALSE	FALSE	0.092	0	0	TRUE
AA3030-01	H4a1a1a	0.99	N/R	2805	2807	202	0	YES	17	0	FALSE	FALSE	FALSE	TRUE	0.089	0	0	TRUE
AA3031-01	H1g1	0.954	N/R	2977	2968	262	0	NO	11	0	FALSE	FALSE	FALSE	FALSE	0.08	0	0	TRUE
AA3034-01	J2b1a3	1	N/R	3782	3781	403	0	NO	31	0	FALSE	FALSE	FALSE	FALSE	0.083	0	0	TRUE
AA3052-01	T2b	0.987	N/R	2063	2056	190	0.001	YES	33	0	FALSE	FALSE	FALSE	FALSE	0.102	0	0	TRUE
AA3054-01	J1c3b	0.958	N/R	1894	1888	156	0.001	YES	27	0	FALSE	FALSE	FALSE	TRUE	0.09	0	0	TRUE
AA3054-04	J1c3b	0.958	N/R	5097	5023	289	0	NO	27	0	FALSE	FALSE	FALSE	TRUE	0.071	0	0	TRUE
AA3054-04-vcgs	J1c3b	0.958	N/R	5097	5023	289	0	NO	27	0	FALSE	FALSE	FALSE	TRUE	0.071	0	0	TRUE
AA3055-01	T2a1a8	0.963	N/R	2564	2565	242	0	YES	35	2	FALSE	FALSE	FALSE	FALSE	0.088	0.622	0	TRUE
AA3056-01	U5a1a2a	0.96	N/R	1330	1323	103	0	NO	30	1	FALSE	FALSE	FALSE	FALSE	0.097	0	0	TRUE
AA3058-01	H3g1	0.907	N/R	3377	3368	221	0	YES	15	1	FALSE	FALSE	FALSE	FALSE	0.087	0.087	0	TRUE
AA3059-01	K1e	0.966	N/R	2393	2380	185	0.001	YES	37	0	FALSE	FALSE	FALSE	FALSE	0.089	0	0	TRUE
AA3062-01	K1a3a1b	0.987	N/R	1670	1665	129	0	NO	33	5	FALSE	FALSE	FALSE	FALSE	0.09	1.065	0	TRUE
AA3064-01	H10e	0.89	N/R	2599	2576	201	0.014	YES	11	3	FALSE	FALSE	FALSE	FALSE	0.092	0.979	0	TRUE
AA3067-01	V14	1	N/R	3613	3598	189	0	YES	13	2	FALSE	FALSE	FALSE	FALSE	0.088	0.53	0	TRUE
AA3072-01	U5a2c3a	1	N/R	1784	1776	94	0	NO	25	1	FALSE	FALSE	FALSE	FALSE	0.097	0.185	0	TRUE
AA3075-01	K2b1a	0.983	N/R	3650	3621	232	0	YES	33	0	FALSE	FALSE	FALSE	FALSE	0.096	0	0	TRUE
AA3077-01	T2b13a	1	N/R	2939	2922	192	0	YES	35	1	FALSE	FALSE	FALSE	FALSE	0.087	0	0	TRUE
AA3079-01	H1e4a	1	N/R	4127	4072	216	0	YES	11	17	FALSE	FALSE	FALSE	TRUE	0.07	1.956	0	TRUE
AA3081-01	T1a1i	0.951	N/R	1290	1279	61	0	NO	36	2	FALSE	FALSE	FALSE	FALSE	0.076	0.586	0	TRUE
AA3082-01	H14b3	0.995	N/R	2690	2663	124	0	NO	11	3	FALSE	FALSE	FALSE	FALSE	0.073	0.998	0	TRUE
AA3083-01	H1+16239	1	N/R	4991	4999	419	0	YES	9	1	FALSE	FALSE	FALSE	FALSE	0.09	0.232	0	TRUE
AA3092-01	G2a1	0.918	M	2449	2431	193	0.001	YES	39	2	FALSE	FALSE	FALSE	FALSE	0.109	0.14	0	TRUE
AA3094-01	J1c3b1a	0.987	N/R	2794	2785	252	0.001	YES	30	1	FALSE	FALSE	FALSE	FALSE	0.089	0.025	0	TRUE
AA3095-01	T2f1a1	0.919	N/R	2264	2250	120	0	NO	37	0	FALSE	FALSE	FALSE	TRUE	0.104	0	0	TRUE
AA3096-01	H1c16	1	N/R	1797	1785	103	0	NO	12	1	FALSE	FALSE	FALSE	FALSE	0.098	0	0	TRUE
AA3100-01	K1c2	0.983	N/R	5972	5882	273	0	NO	34	0	FALSE	FALSE	FALSE	TRUE	0.081	0	0	TRUE
AA3102-01	T2f1a1	0.919	N/R	3750	3700	285	0	NO	37	0	FALSE	FALSE	FALSE	TRUE	0.119	0	0	TRUE
AA3108-01	H6a1a3	1	N/R	4035	4015	241	0	NO	14	4	FALSE	FALSE	FALSE	FALSE	0.097	1.089	0	TRUE
AA3110-01	H27+16093	0.849	N/R	1758	1760	122	0	NO	16	0	FALSE	FALSE	FALSE	FALSE	0.087	0	0	TRUE
AA3111-01	V	0.958	N/R	3411	3351	163	0	NO	15	2	FALSE	FALSE	FALSE	FALSE	0.084	0.424	0	TRUE
AA3112-01	H23	1	N/R	3020	2987	167	0	NO	8	0	FALSE	FALSE	FALSE	TRUE	0.074	0	0	TRUE
AA3116-01	H5a2	0.986	N/R	2268	2260	214	0	NO	11	0	FALSE	FALSE	FALSE	FALSE	0.091	0	0	TRUE
AA3117-01	U5a1b1c1	0.989	N/R	3367	3351	278	0	NO	28	1	FALSE	FALSE	FALSE	FALSE	0.093	0.915	0	TRUE
AA3119-01	H1a3b	0.989	N/R	2558	2534	207	0	NO	14	1	FALSE	FALSE	FALSE	FALSE	0.106	0	0	TRUE
AA3120-01	H3k1a	1	N/R	3131	3102	179	0.001	YES	12	0	FALSE	FALSE	FALSE	FALSE	0.104	0	0	TRUE
AA3121-01	V	0.896	N/R	1585	1581	115	0.001	YES	16	5	FALSE	FALSE	FALSE	TRUE	0.094	1.893	0	TRUE
AA3121-01a	V	0.896	N/R	2460	2431	147	0	NO	16	4	FALSE	FALSE	FALSE	TRUE	0.081	0.973	0	TRUE
AA3121-01b	V	0.896	N/R	3258	3221	149	0	NO	16	4	FALSE	FALSE	FALSE	TRUE	0.079	0.973	0	TRUE
AA3126-01	C4a1a+195	0.977	M	3140	3116	192	0	NO	46	2	FALSE	FALSE	FALSE	FALSE	0.103	0.025	0	TRUE
AA3128-01	T1a1	0.956	N/R	3960	3943	288	0	NO	33	4	FALSE	FALSE	FALSE	FALSE	0.104	0.001	0	TRUE
AA3131-01	U2a1	0.9	N/R	1492	1478	87	0	NO	28	0	FALSE	FALSE	FALSE	FALSE	0.118	0	0	TRUE
AA3133-01	V	0.934	N/R	2739	2717	213	0	NO	15	0	FALSE	FALSE	FALSE	FALSE	0.11	0	0	TRUE
AA3134-01	K1a+195*1	1	N/R	1406	1404	83	0	NO	34	0	FALSE	FALSE	FALSE	FALSE	0.081	0	0	TRUE
AA3136-01	J1c2	1	N/R	3192	3176	193	0	NO	28	3	FALSE	FALSE	FALSE	TRUE	0.068	0.386	0	TRUE
AA3137-01	H1g1	0.96	N/R	4298	4276	488	0	NO	11	6	FALSE	FALSE	FALSE	FALSE	0.074	0.38	0	TRUE
AA3138-01	U4a1	0.966	N/R	2219	2206	197	0	NO	32	0	FALSE	FALSE	FALSE	FALSE	0.089	0	0	TRUE
AA3141-01	H20	0.825	N/R	1759	1745	140	0	NO	13	3	FALSE	FALSE	FALSE	TRUE	0.104	0	0	TRUE
AA3141-04	H20	0.825	N/R	2166	2143	173	0	NO	13	2	FALSE	FALSE	FALSE	TRUE	0.103	0	0	TRUE
AA3142-01	U5b1b1+@16192	0.967	N/R	4841	4784	307	0	NO	28	1	FALSE	FALSE	FALSE	FALSE	0.071	0.198	0	TRUE
AA3143-01	I4a1	0.977	N/R	3048	3041	255	0	NO	33	4	FALSE	FALSE	FALSE	FALSE	0.092	0	0	TRUE
AA3144-01	H23	1	N/R	2169	2149	177	0	NO	8	1	FALSE	FALSE	FALSE	TRUE	0.094	0.092	0	TRUE
AA3146-01	H6c	0.943	N/R	3759	3712	176	0	NO	13	0	FALSE	FALSE	FALSE	TRUE	0.071	0	0	TRUE
AA3146-01-vcgs	H6c	0.943	N/R	3759	3712	176	0	NO	13	0	FALSE	FALSE	FALSE	TRUE	0.071	0	0	TRUE
AA3147-01	I2	0.941	N/R	2621	2579	143	0	NO	35	5	FALSE	FALSE	FALSE	FALSE	0.096	0	0	TRUE
AA3148-01	U5a1d2a	0.93	N/R	1310	1309	107	0	NO	31	2	FALSE	FALSE	FALSE	TRUE	0.098	0	0	TRUE
AA3148-04	U5a1d2a	0.93	N/R	2973	2934	172	0	NO	31	4	FALSE	FALSE	FALSE	TRUE	0.066	0.546	0	TRUE
AA3149-01	X2b11	0.954	N/R	2105	2264	175	0	NO	32	0	FALSE	FALSE	FALSE	TRUE	0.374	0	0	TRUE
AA3149-04	X2b11	0.954	N/R	2505	2469	115	0	NO	32	0	FALSE	FALSE	FALSE	TRUE	0.088	0	0	TRUE
AA3152-01	X1c	0.984	N/R	1371	1365	104	0	NO	26	2	FALSE	FALSE	FALSE	FALSE	0.089	0.522	0	TRUE
AA3153-01	B4a5*	0.985	N/R	2267	2248	202	0	NO	22	4	FALSE	FALSE	FALSE	FALSE	0.09	0	0	TRUE
AA3154-01	U3a1*2	1	N/R	2267	2254	184	0	NO	31	0	FALSE	FALSE	FALSE	FALSE	0.103	0	0	TRUE
AA3155-01	H5a1g1	0.94	N/R	2215	2215	210	0	NO	18	0	FALSE	FALSE	FALSE	FALSE	0.069	0	0	TRUE
AA3156-01	H1ag1	0.988	N/R	5649	5598	294	0	NO	12	1	FALSE	FALSE	FALSE	FALSE	0.085	0.141	0	TRUE
AA3157-01	L1b1a	0.984	L	4829	4767	228	0	NO	78	0	FALSE	FALSE	FALSE	FALSE	0.074	0	0	TRUE
AA3158-01	H5	0.847	N/R	1818	1818	162	0	NO	14	3	FALSE	FALSE	FALSE	FALSE	0.077	0.66	0	TRUE
AA3159-01	H10	0.917	N/R	3046	3040	270	0	NO	11	0	FALSE	FALSE	FALSE	FALSE	0.085	0	0	TRUE
AA3160-01	K1c1	0.955	N/R	1401	1405	114	0	NO	34	1	FALSE	FALSE	FALSE	FALSE	0.082	0.025	0	TRUE
AA3161-01	T2b+152	0.982	N/R	5694	5636	286	0	NO	37	2	FALSE	FALSE	FALSE	FALSE	0.079	0.164	0	TRUE
AA3162-01	N1a1a1a	0.877	N/R	2749	2694	136	0	NO	39	5	FALSE	FALSE	FALSE	FALSE	0.105	0	0	TRUE
AA3165-01	I4a	0.99	N/R	1649	1637	136	0	NO	31	10	FALSE	FALSE	FALSE	FALSE	0.108	2.426	0	TRUE
AA3166-01	J1b1a3	0.969	N/R	1687	1681	133	0	NO	36	0	FALSE	FALSE	FALSE	FALSE	0.1	0	0	TRUE
AA3168-01	H6a1b3	0.982	N/R	2100	2085	181	0	NO	17	0	FALSE	FALSE	FALSE	TRUE	0.098	0	0	TRUE
AA3169-01	H11a	1	N/R	2248	2234	189	0.001	YES	12	3	FALSE	FALSE	FALSE	TRUE	0.099	0.952	0	TRUE
AA3170-01	J1c3g	0.976	N/R	2609	2609	249	0	NO	29	0	FALSE	FALSE	FALSE	FALSE	0.075	0	0	TRUE
AA3172-01	J1c1	0.959	N/R	4784	4769	519	0	YES	30	0	FALSE	FALSE	FALSE	FALSE	0.087	0	0	TRUE
AA3173-01	H24	0.955	N/R	2834	2809	238	0	NO	11	0	FALSE	FALSE	FALSE	FALSE	0.096	0	0	TRUE
AA3174-01	H1b1+16362	1	N/R	2841	2792	167	0	NO	12	0	FALSE	FALSE	FALSE	TRUE	0.081	0	0	TRUE
AA3175-01	H3z	0.993	N/R	7339	7399	396	0	NO	10	0	FALSE	FALSE	FALSE	TRUE	0.084	0	0	TRUE
AA3175-01-vcgs	H3z	0.993	N/R	5454	5462	367	0	NO	10	0	FALSE	FALSE	FALSE	TRUE	0.071	0	0	TRUE
AA3176-01	K2a	0.986	N/R	3100	3094	274	0	YES	31	1	FALSE	FALSE	FALSE	FALSE	0.101	0.871	0	TRUE
AA3178-01	H11a	0.983	N/R	2101	2075	171	0.001	YES	14	1	FALSE	FALSE	FALSE	FALSE	0.108	0.105	0	TRUE
AA3181-01	H1bb	0.979	N/R	3069	3048	181	0	NO	11	1	FALSE	FALSE	FALSE	FALSE	0.078	0.243	0	TRUE
AA3183-01	H1c1	1	N/R	2478	2461	138	0	NO	11	1	FALSE	FALSE	FALSE	TRUE	0.07	0.332	0	TRUE
AA3184-01	T2b2b	0.981	N/R	4561	4510	265	0	NO	32	1	FALSE	FALSE	FALSE	TRUE	0.075	0.852	0	TRUE
AA3184-04	T2b2b	0.981	N/R	1812	1802	98	0	NO	32	1	FALSE	FALSE	FALSE	TRUE	0.065	0.852	0	TRUE
AA3185-01	V2	0.939	N/R	1529	1513	106	0	NO	15	3	FALSE	FALSE	FALSE	FALSE	0.111	0.052	0	TRUE
AA3186-01	H+152	0.838	N/R	2467	2454	202	0	NO	11	0	FALSE	FALSE	FALSE	FALSE	0.1	0	0	TRUE
AA3187-01	J1c3c	0.996	N/R	4961	4948	540	0	YES	28	3	FALSE	FALSE	FALSE	FALSE	0.083	1.185	0	TRUE
AA3188-01	N13	0.911	N/R	2086	2061	186	0	NO	37	5	FALSE	FALSE	FALSE	FALSE	0.115	0	0	TRUE
AA3192-01	J1c5	0.979	N/R	2642	2631	224	0.001	YES	32	0	FALSE	FALSE	FALSE	FALSE	0.09	0	0	TRUE
AA3193-01	W	0.908	N/R	2544	2532	211	0	YES	35	0	FALSE	FALSE	FALSE	FALSE	0.09	0	0	TRUE
AA3195-01	H9a	1	N/R	1186	1172	86	0	NO	12	0	FALSE	FALSE	FALSE	FALSE	0.134	0	0	TRUE
AA3196-01	H3b1b1	1	N/R	2197	2187	172	0	NO	15	0	FALSE	FALSE	FALSE	FALSE	0.1	0	0	TRUE
AA3197-01	H5a1+152	0.957	N/R	3767	3725	231	0	NO	14	4	FALSE	FALSE	FALSE	TRUE	0.076	1.643	0	TRUE
AA3198-01	H1ah2	1	N/R	1612	1609	108	0	NO	12	1	FALSE	FALSE	FALSE	FALSE	0.072	0.021	0	TRUE
AA3199-01	J1c1a	0.991	N/R	2284	2265	129	0	NO	30	2	FALSE	FALSE	FALSE	TRUE	0.074	0.729	0	TRUE
AA3200-01	T2b27	1	N/R	1725	1708	151	0	NO	33	1	FALSE	FALSE	FALSE	TRUE	0.11	0.231	0	TRUE
AA3201-01	J1b1a1	0.962	N/R	4094	4019	243	0	NO	36	1	FALSE	FALSE	FALSE	FALSE	0.093	0.08	0	TRUE
AA3207-01	L3h1b1a	0.974	L	3608	3564	217	0	NO	36	0	FALSE	FALSE	FALSE	FALSE	0.08	0	0	TRUE
AA3209-01	H1c	1	N/R	3972	3928	230	0	NO	9	0	FALSE	FALSE	FALSE	FALSE	0.073	0	0	TRUE
AA3219-01	M1b1a	0.989	M	3380	3328	193	0	NO	40	0	FALSE	FALSE	FALSE	FALSE	0.086	0	0	TRUE
AA3220-01	T2e+152	0.943	N/R	3624	3583	203	0	NO	37	1	FALSE	FALSE	FALSE	TRUE	0.072	0	0	TRUE
AA3220-04	T2e+152	0.943	N/R	3536	3506	197	0	NO	37	0	FALSE	FALSE	FALSE	TRUE	0.068	0	0	TRUE
AA3221-01	H16a1	0.557	N/R	3632	3582	223	0	YES	1	1	FALSE	FALSE	FALSE	FALSE	0.076	0.593	0	TRUE
AA3223-01	U5b2c2b	0.971	N/R	3227	3185	179	0	NO	30	7	FALSE	FALSE	FALSE	TRUE	0.079	1.129	0	TRUE
AA3223-03	U5b2c2b	0.971	N/R	2313	2284	128	0	NO	30	6	FALSE	FALSE	FALSE	TRUE	0.087	0.98	0	TRUE
AA3224-01	J2a1a1e	0.976	N/R	2040	2011	110	0	NO	40	0	FALSE	FALSE	FALSE	TRUE	0.093	0	0	TRUE
AA3224-01-vcgs	J2a1a1e	0.976	N/R	2040	2011	110	0	NO	40	0	FALSE	FALSE	FALSE	TRUE	0.093	0	0	TRUE
AA3225-01	R0a1a	0.915	N/R	2562	2537	142	0	NO	26	1	FALSE	FALSE	FALSE	FALSE	0.07	0.65	0	TRUE
AA3226-01	X2b5	0.947	N/R	4459	4391	256	0	NO	31	0	FALSE	FALSE	FALSE	FALSE	0.078	0	0	TRUE
AA3227-01	U5a2c3	0.941	N/R	2383	2362	140	0	NO	26	6	FALSE	FALSE	FALSE	FALSE	0.08	1.109	0	TRUE
AA3229-01	V	0.875	N/R	3673	3655	197	0	NO	17	0	FALSE	FALSE	FALSE	FALSE	0.074	0	0	TRUE
AA3230-01	H11a	1	N/R	3833	3800	189	0	NO	12	0	FALSE	FALSE	FALSE	TRUE	0.07	0	0	TRUE
AA3231-01	H3+16311	0.973	N/R	4060	4006	224	0	NO	10	0	FALSE	FALSE	FALSE	FALSE	0.077	0	0	TRUE
AA3232-01	H7a1b	0.937	N/R	2866	2835	184	0	NO	13	0	FALSE	FALSE	FALSE	FALSE	0.077	0	0	TRUE
AA3234-01	U5a1a	0.948	N/R	2991	2953	171	0	NO	28	3	FALSE	FALSE	FALSE	FALSE	0.081	0.819	0	TRUE
AA3236-01	HV4a2b	0.94	N/R	2933	2885	158	0	NO	15	0	FALSE	FALSE	FALSE	FALSE	0.084	0	0	TRUE
AA3237-01	H63	1	N/R	2885	2854	157	0	NO	9	0	FALSE	FALSE	FALSE	FALSE	0.081	0	0	TRUE
AA3238-01	H8c	0.936	N/R	3398	3352	189	0	NO	15	0	FALSE	FALSE	FALSE	FALSE	0.085	0	0	TRUE
AA3240-01	K1a4a1a+195	0.981	N/R	4790	4754	263	0	NO	36	1	FALSE	FALSE	FALSE	FALSE	0.072	0.546	0	TRUE
AA3242-01	V3c	1	N/R	4877	4822	276	0	NO	15	0	FALSE	FALSE	FALSE	FALSE	0.08	0	0	TRUE
AA3244-01	P+16176	0.734	N/R	5965	5895	337	0	NO	38	1	FALSE	FALSE	FALSE	FALSE	0.071	0.076	0	TRUE
AA3245-01	J1c1a	0.991	N/R	2903	2874	180	0	NO	30	0	FALSE	FALSE	FALSE	TRUE	0.07	0	0	TRUE
AA3246-01	U3a1a	0.985	N/R	2192	2170	125	0	NO	30	0	FALSE	FALSE	FALSE	FALSE	0.07	0	0	TRUE
AA3248-01	H4a1a1a1a1	0.987	N/R	1526	1525	84	0	NO	21	2	FALSE	FALSE	FALSE	FALSE	0.081	0.411	0	TRUE
AA3249-01	H26a1	0.961	N/R	4274	4265	239	0	NO	11	0	FALSE	FALSE	FALSE	FALSE	0.072	0	0	TRUE
AA3250-01	H1+152	1	N/R	1903	1889	109	0	NO	10	0	FALSE	FALSE	FALSE	FALSE	0.073	0	0	TRUE
AA3253-03	U5a1b3	1	N/R	2360	2346	127	0.001	YES	25	3	FALSE	FALSE	FALSE	TRUE	0.077	0.83	0	TRUE
AA3253-04	U5a1b3	1	N/R	2840	2823	158	0	NO	25	0	FALSE	FALSE	FALSE	TRUE	0.078	0	0	TRUE
AA3254-01	H4a1a1	0.967	N/R	4925	4877	277	0	NO	15	0	FALSE	FALSE	FALSE	FALSE	0.075	0	0	TRUE
AA3255-01	K1b2b	0.96	N/R	2654	2632	146	0	NO	39	0	FALSE	FALSE	FALSE	FALSE	0.069	0	0	TRUE
AA3256-01	H1e1a	0.877	N/R	2192	2178	119	0	NO	16	2	FALSE	FALSE	FALSE	FALSE	0.072	0.387	0	TRUE
AA3258-01	H3q	1	N/R	5339	5291	318	0	NO	9	1	FALSE	FALSE	FALSE	FALSE	0.073	0.546	0	TRUE
AA3259-01	J2a1a1	0.96	N/R	931	925	51	0	NO	38	3	FALSE	FALSE	FALSE	FALSE	0.083	1.117	0	TRUE
AA3260-01	V+@72	1	N/R	2601	2592	149	0	NO	12	0	FALSE	FALSE	FALSE	FALSE	0.076	0	0	TRUE
AA3261-01	H1c3	0.984	N/R	5015	4965	305	0	NO	12	1	FALSE	FALSE	FALSE	FALSE	0.074	0.092	0	TRUE
AA3264-01	T2b24	0.976	N/R	3836	3814	340	0	NO	33	0	FALSE	FALSE	FALSE	TRUE	0.081	0	0	TRUE
AA3264-02	HV6	0.96	N/R	2794	2783	237	0	NO	12	0	FALSE	FALSE	FALSE	FALSE	0.079	0	0	TRUE
AA3264-03	T2b24	0.976	N/R	3917	3899	350	0	NO	33	0	FALSE	FALSE	FALSE	TRUE	0.085	0	0	TRUE
AA3265-01	H1j4	0.936	N/R	2736	2708	152	0	NO	12	1	FALSE	FALSE	FALSE	FALSE	0.08	0.9	0	TRUE
AA3267-01	H5a1	0.97	N/R	1539	1531	85	0	NO	11	3	FALSE	FALSE	FALSE	TRUE	0.081	0.029	0	TRUE
AA3268-01	J1c10	0.976	N/R	2100	2084	116	0	NO	31	0	FALSE	FALSE	FALSE	FALSE	0.076	0	0	TRUE
AA3270-01	J1c2c1	1	N/R	1870	1866	99	0.001	YES	33	1	FALSE	FALSE	FALSE	FALSE	0.067	0.657	0	TRUE
AA3272-01	H28a	0.947	N/R	2254	2244	117	0	NO	11	0	FALSE	FALSE	FALSE	FALSE	0.073	0	0	TRUE
AA3274-01	J1c1c	0.972	N/R	1638	1627	88	0	NO	34	2	FALSE	FALSE	FALSE	FALSE	0.071	0.194	0	TRUE
AA3279-01	H3a1a	0.967	N/R	4542	4502	263	0	NO	15	0	FALSE	FALSE	FALSE	FALSE	0.065	0	0	TRUE
AA3280-01	J2a1a1a	0.97	N/R	4374	4337	256	0	NO	41	0	FALSE	FALSE	FALSE	FALSE	0.073	0	0	TRUE
AA3281-01	W3a1	0.996	N/R	3273	3237	178	0	NO	34	0	FALSE	FALSE	FALSE	FALSE	0.082	0	0	TRUE
AA3282-01	K1a2c*	0.987	N/R	3775	3742	221	0	NO	36	2	FALSE	FALSE	FALSE	FALSE	0.066	0	0	TRUE
AA3283-01	U5a2b4a	0.981	N/R	3482	3464	204	0	NO	25	0	FALSE	FALSE	FALSE	FALSE	0.074	0	0	TRUE
AA3284-01	K1c2	0.983	N/R	1679	1662	94	0.001	YES	34	1	FALSE	FALSE	FALSE	TRUE	0.07	0.023	0	TRUE
AA3286-01	T2b7a	0.972	N/R	1989	1986	116	0	NO	36	2	FALSE	FALSE	FALSE	FALSE	0.073	0.366	0	TRUE
AA3287-01	M18	0.978	M	1576	1569	88	0	NO	30	0	FALSE	FALSE	FALSE	FALSE	0.075	0	0	TRUE
AA3288-01	H5a1q	0.918	N/R	877	864	48	0	NO	17	2	FALSE	FALSE	FALSE	FALSE	0.094	0	0	TRUE
AA3289-01	H15a1a1	0.88	N/R	2200	2181	124	0	NO	14	1	FALSE	FALSE	FALSE	FALSE	0.075	0	0	TRUE
AA3290-01	U5a1h	0.992	N/R	2093	2073	139	0	NO	33	2	FALSE	FALSE	FALSE	FALSE	0.069	0.889	0	TRUE
AA3292-01	I2	0.982	N/R	1919	1892	126	0	NO	33	4	FALSE	FALSE	FALSE	FALSE	0.076	0	0	TRUE
AA3295-01	HV2a	0.922	N/R	2412	2389	159	0	NO	21	2	FALSE	FALSE	FALSE	FALSE	0.07	0.239	0	TRUE
AA3296-01	T1a12	1	N/R	3557	3516	200	0	NO	33	0	FALSE	FALSE	FALSE	FALSE	0.072	0	0	TRUE
AA3297-01	H5a1+152	0.957	N/R	2554	2533	155	0	NO	14	0	FALSE	FALSE	FALSE	TRUE	0.065	0	0	TRUE
AA3298-01	J1b1a1a	1	N/R	3558	3524	201	0	NO	36	1	FALSE	FALSE	FALSE	TRUE	0.073	0.294	0	TRUE
AA3299-01	T2b3+151	0.985	N/R	917	910	56	0	NO	35	2	FALSE	FALSE	FALSE	FALSE	0.08	0.195	0	TRUE
AA3300-01	U4b1b1	0.985	N/R	2853	2826	163	0	NO	33	0	FALSE	FALSE	FALSE	FALSE	0.071	0	0	TRUE
AA3301-01	M7a1a	0.95	M	1122	1111	68	0	NO	38	0	FALSE	FALSE	FALSE	FALSE	0.08	0	0	TRUE
AA3302-01	H3aa	1	N/R	4020	3957	219	0	NO	10	2	FALSE	FALSE	FALSE	FALSE	0.081	0.047	0	TRUE
AA3303-01	T2b+16362	0.988	N/R	2367	2349	132	0	NO	34	0	FALSE	FALSE	FALSE	FALSE	0.069	0	0	TRUE
AA3305-01	T2b	0.968	N/R	1510	1498	82	0	NO	32	2	FALSE	FALSE	FALSE	FALSE	0.074	0.857	0	TRUE
AA3306-01	H3n	1	N/R	1809	1792	103	0	NO	12	0	FALSE	FALSE	FALSE	FALSE	0.074	0	0	TRUE
AA3307-01	H1i	0.961	N/R	1931	1908	120	0	NO	12	1	FALSE	FALSE	FALSE	FALSE	0.078	0.274	0	TRUE
AA3308-01	H3	0.968	N/R	3109	3071	180	0	NO	9	0	FALSE	FALSE	FALSE	FALSE	0.081	0	0	TRUE
AA3309-01	H6a1b2	0.977	N/R	1126	1114	72	0	NO	15	1	FALSE	FALSE	FALSE	FALSE	0.078	0.405	0	TRUE
AA3311-01	B2d	0.868	N/R	1778	1752	97	0	NO	30	1	FALSE	FALSE	FALSE	FALSE	0.086	0.389	0	TRUE
AA3312-01	H4d	0.994	N/R	4503	4437	253	0	NO	12	1	FALSE	FALSE	FALSE	FALSE	0.077	0.023	0	TRUE
AA3314-01	T2c1d1	0.945	N/R	1508	1497	94	0	NO	38	1	FALSE	FALSE	FALSE	FALSE	0.071	0.485	0	TRUE
AA3315-01	U5a1b1g	0.976	N/R	3638	3595	214	0	NO	27	0	FALSE	FALSE	FALSE	FALSE	0.073	0	0	TRUE
AA3317-01	HV15*	0.987	N/R	1715	1705	96	0	NO	13	2	FALSE	FALSE	FALSE	FALSE	0.077	1.344	0	TRUE
AA3320-01	L3e2b	0.936	L	4121	4073	213	0	NO	33	0	FALSE	FALSE	FALSE	TRUE	0.075	0	0	TRUE
AA3320-03	L3e2b	0.936	L	883	878	52	0	NO	33	1	FALSE	FALSE	FALSE	TRUE	0.11	0.037	0	TRUE
AA3321-01	H	0.94	N/R	3881	3844	216	0	NO	10	0	FALSE	FALSE	FALSE	FALSE	0.072	0	0	TRUE
AA3329-01	H11a	0.97	N/R	3563	3526	238	0	NO	11	1	FALSE	FALSE	FALSE	FALSE	0.064	0.049	0	TRUE
AA3330-01	U5b2a2b1	0.971	N/R	6156	6082	350	0	NO	31	1	FALSE	FALSE	FALSE	FALSE	0.075	0.056	0	TRUE
AA3332-01	R1a1a2	1	N/R	3654	3610	172	0	NO	35	0	FALSE	FALSE	FALSE	FALSE	0.069	0	0	TRUE
AA3335-01	U4a1d	1	N/R	5879	5834	403	0	NO	30	1	FALSE	FALSE	FALSE	FALSE	0.061	0.901	0	TRUE
AA3336-01	U5a1a1d1	0.991	N/R	1329	1316	68	0	NO	31	1	FALSE	FALSE	FALSE	TRUE	0.083	0	0	TRUE
AA3339-01	J1c4	0.99	N/R	3677	3647	201	0	NO	31	0	FALSE	FALSE	FALSE	FALSE	0.068	0	0	TRUE
AA3341-01	H39	0.956	N/R	2148	2137	114	0	NO	9	1	FALSE	FALSE	FALSE	FALSE	0.072	0.052	0	TRUE
AA3342-01	H6a1b2	0.908	N/R	3856	3821	259	0.017	YES	19	1	FALSE	FALSE	FALSE	FALSE	0.064	0	0	TRUE
AA3343-01	U4b1b1	0.979	N/R	2049	2025	115	0	NO	31	3	FALSE	FALSE	FALSE	FALSE	0.079	0.09	0	TRUE
AA3346-01	N1b1a2	0.922	N/R	2305	2273	122	0	NO	40	2	FALSE	FALSE	FALSE	FALSE	0.084	0.06	0	TRUE
AA3349-01	H6a1b	0.958	N/R	3269	3232	183	0	NO	12	1	FALSE	FALSE	FALSE	FALSE	0.081	0.782	0	TRUE
AA3350-01	R8a1a1c	0.938	N/R	4503	4447	252	0	NO	26	1	FALSE	FALSE	FALSE	FALSE	0.086	0.546	0	TRUE
AA3352-01	H1af1a	0.961	N/R	3345	3329	227	0	NO	12	0	FALSE	FALSE	FALSE	FALSE	0.075	0	0	TRUE
AA3354-01	V10a	1	N/R	2617	2587	139	0	NO	16	4	FALSE	FALSE	FALSE	TRUE	0.075	2.401	0	TRUE
AA3355-01	T2b	0.979	N/R	2326	2295	144	0	NO	34	1	FALSE	FALSE	FALSE	FALSE	0.077	0.173	0	TRUE
AA3357-01	V1a1	0.944	N/R	2750	2725	130	0	NO	17	0	FALSE	FALSE	FALSE	FALSE	0.069	0	0	TRUE
AA3358-01	R9b1a3	0.915	N/R	2084	2065	127	0	NO	28	0	FALSE	FALSE	FALSE	FALSE	0.072	0	0	TRUE
AA3359-01	U5a1a1d1	0.991	N/R	1992	1968	122	0	NO	31	0	FALSE	FALSE	FALSE	TRUE	0.079	0	0	TRUE
AA3361-01	F1b1a1a	0.974	N/R	1082	1066	54	0	NO	37	1	FALSE	FALSE	FALSE	FALSE	0.094	0.773	0	TRUE
AA3362-01	H4a1a1	1	N/R	1665	1655	111	0	NO	14	2	FALSE	FALSE	FALSE	FALSE	0.07	0.393	0	TRUE
AA3363-01	J1c8a	0.982	N/R	2563	2538	156	0	NO	30	1	FALSE	FALSE	FALSE	FALSE	0.069	0.022	0	TRUE
AA3364-01	H1c1	1	N/R	4551	4483	221	0	NO	11	1	FALSE	FALSE	FALSE	TRUE	0.072	0.652	0	TRUE
AA3365-01	H1a1	1	N/R	2922	2893	200	0	NO	12	0	FALSE	FALSE	FALSE	FALSE	0.072	0	0	TRUE
AA3366-01	H1u	0.97	N/R	4439	4383	246	0	NO	10	0	FALSE	FALSE	FALSE	FALSE	0.076	0	0	TRUE
AA3367-01	L3e5b*	1	L	6115	6035	310	0	NO	29	0	FALSE	FALSE	FALSE	FALSE	0.065	0	0	TRUE
AA3368-01	J1c2b5	1	N/R	3509	3484	215	0	NO	31	0	FALSE	FALSE	FALSE	TRUE	0.073	0	0	TRUE
AA3372-01	J1b2	0.952	N/R	3686	3642	251	0	NO	29	0	FALSE	FALSE	FALSE	FALSE	0.077	0	0	TRUE
AA3374-01	J2a2e	0.965	N/R	3552	3512	242	0	NO	37	0	FALSE	FALSE	FALSE	FALSE	0.072	0	0	TRUE
AA3375-01	H1c1	0.912	N/R	1643	1634	109	0	NO	15	0	FALSE	FALSE	FALSE	FALSE	0.069	0	0	TRUE
AA3379-01	I1a1d	0.977	N/R	1427	1403	71	0	NO	42	6	FALSE	FALSE	FALSE	FALSE	0.1	0	0	TRUE
AA3382-01	H11a	1	N/R	5338	5282	252	0	NO	12	1	FALSE	FALSE	FALSE	TRUE	0.068	0.81	0	TRUE
AA3386-01	J1c3	1	N/R	1496	1488	99	0	NO	27	0	FALSE	FALSE	FALSE	FALSE	0.066	0	0	TRUE
AA3392-01	U5b2b2	0.98	N/R	2356	2316	111	0	NO	30	2	FALSE	FALSE	FALSE	FALSE	0.091	0	0	TRUE
AA3394-01	K1a16	0.975	N/R	5343	5290	256	0.001	YES	32	0	FALSE	FALSE	FALSE	FALSE	0.06	0	0	TRUE
AA3395-01	H1bk	0.966	N/R	3003	2959	183	0	NO	11	1	FALSE	FALSE	FALSE	FALSE	0.076	0.465	0	TRUE
AA3397-01	U5a1a1	1	N/R	2247	2259	103	0	NO	27	0	FALSE	FALSE	FALSE	FALSE	0.084	0	0	TRUE
AA3398-01	H5b2	0.935	N/R	3456	3405	229	0	NO	11	2	FALSE	FALSE	FALSE	FALSE	0.081	0.706	0	TRUE
AA3400-01	H1a1a	1	N/R	2530	2514	134	0	NO	13	0	FALSE	FALSE	FALSE	FALSE	0.066	0	0	TRUE
AA3401-01	K1a+195	0.973	N/R	5012	5000	242	0	NO	30	4	FALSE	FALSE	FALSE	FALSE	0.06	0.53	0	TRUE
AA3405-01	U5a1h	1	N/R	3568	3521	238	0	NO	31	1	FALSE	FALSE	FALSE	FALSE	0.074	0.037	0	TRUE
AA3406-01	F1a1d	0.987	N/R	3873	3829	216	0	NO	34	0	FALSE	FALSE	FALSE	FALSE	0.068	0	0	TRUE
AA3407-01	H11a1	0.945	N/R	3754	3715	176	0	NO	16	1	FALSE	FALSE	FALSE	FALSE	0.079	0.851	0	TRUE
AA3408-01	M5a2a2	0.952	M	2070	2046	115	0	NO	37	0	FALSE	FALSE	FALSE	FALSE	0.076	0	0	TRUE
AA3409-01	K1b2b	0.98	N/R	2171	2150	107	0	NO	38	0	FALSE	FALSE	FALSE	FALSE	0.082	0	0	TRUE
AA3410-01	H1a3	0.909	N/R	3124	3095	168	0	NO	14	1	FALSE	FALSE	FALSE	FALSE	0.075	0	0	TRUE
AA3411-01	H1c1	0.954	N/R	2315	2294	108	0	NO	13	1	FALSE	FALSE	FALSE	FALSE	0.074	0.932	0	TRUE
AA3412-01	T2b	0.93	N/R	3831	3803	182	0	NO	33	0	FALSE	FALSE	FALSE	FALSE	0.066	0	0	TRUE
AA3413-01	M7c1a3	0.969	M	1596	1583	86	0	NO	37	0	FALSE	FALSE	FALSE	FALSE	0.073	0	0	TRUE
AA3414-01	T2b27	1	N/R	2112	2085	95	0	NO	33	0	FALSE	FALSE	FALSE	TRUE	0.075	0	0	TRUE
AA3416-01	H13a1a1	0.931	N/R	3530	3488	196	0	YES	17	1	FALSE	FALSE	FALSE	FALSE	0.074	0.058	0	TRUE
AA3417-01	H4a1c	0.908	N/R	3383	3361	152	0	NO	20	0	FALSE	FALSE	FALSE	FALSE	0.068	0	0	TRUE
AA3418-01	J1c3b2	0.987	N/R	2683	2664	128	0	NO	29	0	FALSE	FALSE	FALSE	FALSE	0.069	0	0	TRUE
AA3420-01	H11a	1	N/R	3766	3726	183	0	NO	12	0	FALSE	FALSE	FALSE	TRUE	0.075	0	0	TRUE
AA3421-01	H7	0.862	N/R	1919	1906	96	0	NO	11	1	FALSE	FALSE	FALSE	FALSE	0.076	0.013	0	TRUE
AA3422-01	H61	0.928	N/R	4063	4022	191	0	NO	11	0	FALSE	FALSE	FALSE	FALSE	0.067	0	0	TRUE
AA3423-01	U4b1b1b	0.983	N/R	3130	3111	147	0	NO	36	0	FALSE	FALSE	FALSE	FALSE	0.07	0	0	TRUE
AA3424-01	H11a	1	N/R	2517	2497	117	0	NO	12	1	FALSE	FALSE	FALSE	TRUE	0.075	0.271	0	TRUE
AA3424-04	H11a	1	N/R	2568	2543	130	0	NO	12	1	FALSE	FALSE	FALSE	TRUE	0.067	0	0	TRUE
AA3425-01	T1a1	0.955	N/R	4639	4600	232	0	NO	36	1	FALSE	FALSE	FALSE	FALSE	0.077	0.131	0	TRUE
AA3428-01	J1c3g	0.978	N/R	3462	3426	192	0	NO	29	2	FALSE	FALSE	FALSE	FALSE	0.069	0.368	0	TRUE
AA3429-01	U4a2	0.95	N/R	2081	2070	107	0	NO	31	1	FALSE	FALSE	FALSE	FALSE	0.079	0	0	TRUE
AA3430-01	H5a1	0.99	N/R	4660	4614	224	0	NO	12	2	FALSE	FALSE	FALSE	FALSE	0.064	0.037	0	TRUE
AA3431-01	V	0.945	N/R	1207	1192	60	0	NO	17	0	FALSE	FALSE	FALSE	FALSE	0.078	0	0	TRUE
AA3432-01	H13a1a	0.896	N/R	3822	3769	192	0	NO	14	2	FALSE	FALSE	FALSE	FALSE	0.077	1.363	0	TRUE
AA3433-01	T2b	1	N/R	2623	2609	137	0	NO	32	0	FALSE	FALSE	FALSE	FALSE	0.073	0	0	TRUE
AA3434-01	U4c1	0.984	N/R	2029	2020	108	0	NO	34	2	FALSE	FALSE	FALSE	FALSE	0.068	0	0	TRUE
AA3436-01	U4a1a	1	N/R	5868	5793	290	0	NO	30	8	FALSE	FALSE	FALSE	FALSE	0.082	1.481	0	TRUE
AA3438-01	H1a1c	1	N/R	2344	2329	116	0	NO	13	1	FALSE	FALSE	FALSE	FALSE	0.078	0.746	0	TRUE
AA3439-01	V10a	0.976	N/R	1821	1813	96	0	NO	15	1	FALSE	FALSE	FALSE	FALSE	0.08	0.195	0	TRUE
AA3440-01	U4a2	0.975	N/R	1748	1734	89	0	NO	28	1	FALSE	FALSE	FALSE	FALSE	0.089	0	0	TRUE
AA3441-01	H54	0.959	N/R	4406	4379	225	0	NO	9	1	FALSE	FALSE	FALSE	FALSE	0.068	0	0	TRUE
AA3444-01	H55b	0.979	N/R	1868	1843	98	0	NO	11	5	FALSE	FALSE	FALSE	FALSE	0.079	0.913	0	TRUE
AA3446-01	H1e2c	1	N/R	4563	4501	214	0.002	YES	11	1	FALSE	FALSE	FALSE	FALSE	0.077	0.831	0	TRUE
AA3447-01	U4a1a	0.982	N/R	5868	5787	312	0	NO	34	5	FALSE	FALSE	FALSE	FALSE	0.081	0.09	0	TRUE
AA3448-01	H5*2	1	N/R	1604	1594	81	0	NO	11	0	FALSE	FALSE	FALSE	FALSE	0.071	0	0	TRUE
AA3449-01	K2a6	1	N/R	3454	3409	164	0	NO	31	1	FALSE	FALSE	FALSE	FALSE	0.081	0	0	TRUE
AA3450-01	U2c1*	0.882	N/R	5452	5415	271	0	NO	36	0	FALSE	FALSE	FALSE	FALSE	0.06	0	0	TRUE
AA3452-01	HV0+195*1	0.95	N/R	2502	2476	132	0	NO	15	0	FALSE	FALSE	FALSE	FALSE	0.084	0	0	TRUE
AA3453-01	H1a3a	1	N/R	1595	1575	79	0	NO	12	1	FALSE	FALSE	FALSE	FALSE	0.079	0.383	0	TRUE
AA3454-01	H1an1	0.907	N/R	1375	1361	72	0	NO	13	0	FALSE	FALSE	FALSE	FALSE	0.079	0	0	TRUE
AA3462-01	T2e1a	0.93	N/R	2356	2340	130	0	NO	36	1	FALSE	FALSE	FALSE	FALSE	0.068	0.089	0	TRUE
AA3464-01	U4c1	0.995	N/R	2445	2431	132	0	NO	33	0	FALSE	FALSE	FALSE	FALSE	0.063	0	0	TRUE
AA3465-01	H1aw	0.95	N/R	1383	1362	72	0	NO	12	3	FALSE	FALSE	FALSE	FALSE	0.094	0.017	0	TRUE
AA3466-01	H5c1	0.913	N/R	1610	1594	85	0	NO	12	0	FALSE	FALSE	FALSE	FALSE	0.07	0	0	TRUE
AA3467-01	B4c1b1a	0.904	N/R	2175	2149	108	0	NO	35	1	FALSE	FALSE	FALSE	FALSE	0.082	0.501	0	TRUE
AA3468-01	U5a1h	0.983	N/R	4785	4716	256	0	NO	32	0	FALSE	FALSE	FALSE	FALSE	0.081	0	0	TRUE
AA3469-01	U4c1	0.977	N/R	2370	2359	118	0	NO	33	2	FALSE	FALSE	FALSE	FALSE	0.068	0	0	TRUE
AA3472-01	H3i1	1	N/R	1564	1556	77	0	NO	11	0	FALSE	FALSE	FALSE	FALSE	0.068	0	0	TRUE
AA3474-01	J1c5	0.898	N/R	1353	1334	68	0	NO	31	3	FALSE	FALSE	FALSE	FALSE	0.077	0.883	0	TRUE
AA3476-01	U5b2b3b	0.997	N/R	4767	4703	247	0	NO	33	0	FALSE	FALSE	FALSE	FALSE	0.077	0	0	TRUE
AA3477-01	U5a1a1	0.979	N/R	2174	2158	112	0	NO	26	0	FALSE	FALSE	FALSE	FALSE	0.074	0	0	TRUE
AA3479-01	J2b1a	0.938	N/R	3306	3275	168	0	NO	35	3	FALSE	FALSE	FALSE	TRUE	0.074	0	0	TRUE
AA3479-04	J2b1a	0.938	N/R	3081	3054	162	0	NO	35	3	FALSE	FALSE	FALSE	TRUE	0.072	0	0	TRUE
AA3480-01	H1e4a	1	N/R	4043	3999	209	0	NO	11	2	FALSE	FALSE	FALSE	TRUE	0.069	0.89	0	TRUE
AA3484-01	U5a1b1a2*	0.992	N/R	4255	4214	225	0	NO	31	1	FALSE	FALSE	FALSE	FALSE	0.069	0.219	0	TRUE
AA3485-01	F1a4a	0.956	N/R	3205	3167	174	0.004	YES	36	0	FALSE	FALSE	FALSE	FALSE	0.074	0	0	TRUE
AA3487-01	U5a1d2a	0.98	N/R	4038	3981	206	0	NO	28	3	FALSE	FALSE	FALSE	FALSE	0.09	0	0	TRUE
AA3489-01	HV0f	0.889	N/R	5628	5596	286	0	NO	15	0	FALSE	FALSE	FALSE	FALSE	0.077	0	0	TRUE
AA3490-01	T1a1n	0.953	N/R	1846	1826	90	0	NO	39	3	FALSE	FALSE	FALSE	FALSE	0.081	0.939	0	TRUE
AA3496-01	P4b1	0.9	N/R	1814	1783	99	0	NO	31	7	FALSE	FALSE	FALSE	FALSE	0.091	0.7	0	TRUE
AA3497-01	U5a1b1c1	1	N/R	2378	2366	127	0	NO	26	1	FALSE	FALSE	FALSE	FALSE	0.063	0.933	0	TRUE
AA3498-01	H1b	0.962	N/R	2013	2007	101	0	NO	10	0	FALSE	FALSE	FALSE	FALSE	0.079	0	0	TRUE
AA3499-01	T2a1a2	0.961	N/R	1810	1789	96	0	NO	35	0	FALSE	FALSE	FALSE	FALSE	0.08	0	0	TRUE
AA3500-01	H6a1a3a	1	N/R	1942	1918	104	0	NO	15	2	FALSE	FALSE	FALSE	TRUE	0.076	0.198	0	TRUE
AA3505-01	H1+16189	0.964	N/R	6628	6576	358	0	NO	9	0	FALSE	FALSE	FALSE	FALSE	0.062	0	0	TRUE
AA3506-01	U4b1b1a	1	N/R	2073	2052	108	0	NO	33	0	FALSE	FALSE	FALSE	FALSE	0.076	0	0	TRUE
AA3508-01	H1c1	1	N/R	1747	1735	95	0	NO	11	1	FALSE	FALSE	FALSE	TRUE	0.073	0.166	0	TRUE
AA3509-01	D4a7	0.964	M	1565	1555	82	0	NO	43	0	FALSE	FALSE	FALSE	FALSE	0.062	0	0	TRUE
AA3520-01	H1e	0.941	N/R	1941	1928	98	0	NO	11	0	FALSE	FALSE	FALSE	FALSE	0.07	0	0	TRUE
AA3522-01	H3aa	0.961	N/R	4161	4137	225	0	NO	10	0	FALSE	FALSE	FALSE	FALSE	0.067	0	0	TRUE
AA3523-01	U5a1b	0.974	N/R	1796	1788	101	0	NO	23	3	FALSE	FALSE	FALSE	FALSE	0.071	0.359	0	TRUE
AA3525-01	H1c20	0.99	N/R	4277	4239	229	0	NO	11	3	FALSE	FALSE	FALSE	FALSE	0.066	0.451	0	TRUE
AA3526-01	U4a2	0.975	N/R	1568	1546	82	0	NO	28	3	FALSE	FALSE	FALSE	FALSE	0.082	0.485	0	TRUE
AA3527-01	K1a+195	0.943	N/R	3738	3711	209	0	NO	32	1	FALSE	FALSE	FALSE	FALSE	0.077	0	0	TRUE
AA3528-01	U4a1a	0.982	N/R	3628	3572	187	0	NO	32	6	FALSE	FALSE	FALSE	FALSE	0.079	0.549	0	TRUE
AA3530-01	V10a	1	N/R	3412	3387	187	0	NO	16	0	FALSE	FALSE	FALSE	TRUE	0.076	0	0	TRUE
AA3531-01	H3+152	0.921	N/R	1803	1784	99	0	NO	11	1	FALSE	FALSE	FALSE	FALSE	0.07	0	0	TRUE
AA3532-01	H1a	1	N/R	3017	3005	162	0	NO	11	2	FALSE	FALSE	FALSE	FALSE	0.072	0.03	0	TRUE
AA3533-01	U2e1g	1	N/R	3331	3301	180	0	NO	33	3	FALSE	FALSE	FALSE	FALSE	0.072	0.765	0	TRUE
AA3534-01	T2a1a8	0.985	N/R	3885	3850	206	0	NO	33	0	FALSE	FALSE	FALSE	FALSE	0.071	0	0	TRUE
AA3535-01	H1+16189	1	N/R	5310	5276	277	0	NO	10	0	FALSE	FALSE	FALSE	FALSE	0.067	0	0	TRUE
AA3536-01	J2a1a1a2	0.995	N/R	5648	5632	303	0	NO	40	2	FALSE	FALSE	FALSE	FALSE	0.065	0.748	0	TRUE
AA3537-01	J1c2b	1	N/R	2655	2645	143	0	NO	29	2	FALSE	FALSE	FALSE	FALSE	0.067	0.381	0	TRUE
AA3538-01	U5b2c2	0.985	N/R	1892	1873	97	0	NO	29	1	FALSE	FALSE	FALSE	FALSE	0.076	0.065	0	TRUE
AA3541-01	H1ak	0.845	N/R	3192	3178	165	0	NO	12	1	FALSE	FALSE	FALSE	FALSE	0.066	0	0	TRUE
AA3542-01	K1c2	0.983	N/R	2736	2712	149	0	NO	34	1	FALSE	FALSE	FALSE	TRUE	0.069	0.076	0	TRUE
AA3543-01	H1	0.977	N/R	2297	2293	120	0	NO	9	0	FALSE	FALSE	FALSE	FALSE	0.072	0	0	TRUE
AA3544-01	H3b3	1	N/R	2571	2568	128	0	NO	11	2	FALSE	FALSE	FALSE	FALSE	0.073	0.319	0	TRUE
AA3547-01	B4a1a1m1	0.891	N/R	2001	1988	105	0	NO	30	0	FALSE	FALSE	FALSE	FALSE	0.079	0	0	TRUE
AA3548-01	J1c2e	0.98	N/R	1242	1231	64	0	NO	31	3	FALSE	FALSE	FALSE	FALSE	0.076	0	0	TRUE
AA3549-01	H6a1a	1	N/R	4085	4055	223	0	NO	13	0	FALSE	FALSE	FALSE	FALSE	0.073	0	0	TRUE
AA3550-01	U2e1a1	0.962	N/R	1622	1606	84	0	NO	38	1	FALSE	FALSE	FALSE	FALSE	0.085	0	0	TRUE
AA3551-01	T2c1+146	0.892	N/R	3044	3010	161	0	NO	38	1	FALSE	FALSE	FALSE	FALSE	0.086	0.002	0	TRUE
AA3553-01	H1	0.927	N/R	3291	3255	175	0	NO	11	4	FALSE	FALSE	FALSE	TRUE	0.069	1.813	0	TRUE
AA3553-04	H1	0.927	N/R	4019	3970	210	0	NO	11	0	FALSE	FALSE	FALSE	TRUE	0.076	0	0	TRUE
AA3554-01	H3ag	0.949	N/R	3084	3065	170	0	NO	10	1	FALSE	FALSE	FALSE	FALSE	0.074	0	0	TRUE
AA3555-01	B5a1c*	0.774	N/R	2219	2196	112	0	NO	31	0	FALSE	FALSE	FALSE	FALSE	0.078	0	0	TRUE
AA3556-01	U5a1b1g	0.983	N/R	1618	1617	88	0	NO	28	0	FALSE	FALSE	FALSE	FALSE	0.066	0	0	TRUE
AA3557-01	H13a1a1a	0.963	N/R	2153	2139	109	0	NO	17	1	FALSE	FALSE	FALSE	TRUE	0.08	0.2	0	TRUE
AA3557-03	H13a1a1a	0.963	N/R	2437	2429	129	0	NO	17	2	FALSE	FALSE	FALSE	TRUE	0.076	0.998	0	TRUE
AA3559-01	H3	0.904	N/R	4880	4852	269	0	NO	10	1	FALSE	FALSE	FALSE	FALSE	0.072	0	0	TRUE
AA3560-01	X2	0.924	N/R	2629	2615	140	0	NO	27	0	FALSE	FALSE	FALSE	FALSE	0.063	0	0	TRUE
AA3564-01	X2b	0.99	N/R	5009	4948	262	0	NO	29	0	FALSE	FALSE	FALSE	FALSE	0.076	0	0	TRUE
AA3565-01	H69	0.916	N/R	697	693	36	0	NO	11	2	FALSE	FALSE	FALSE	FALSE	0.086	0.132	0	TRUE
AA3566-01	I2	0.96	N/R	1397	1377	71	0	NO	34	7	FALSE	FALSE	FALSE	FALSE	0.09	1.583	0	TRUE
AA3567-01	H6a1a3a	1	N/R	679	669	38	0	NO	15	13	FALSE	FALSE	FALSE	TRUE	0.094	1.472	0	TRUE
AA3573-01	J1c1a	0.991	N/R	2143	2132	105	0	NO	30	0	FALSE	FALSE	FALSE	TRUE	0.066	0	0	TRUE
AA3575-01	K1a1a	0.949	N/R	2007	1997	105	0	NO	36	1	FALSE	FALSE	FALSE	FALSE	0.066	0	0	TRUE
AA3576-01	J1c	0.872	N/R	2370	2357	123	0	NO	34	0	FALSE	FALSE	FALSE	FALSE	0.073	0	0	TRUE
AA3577-01	R2b	0.956	N/R	3030	3008	144	0	NO	27	0	FALSE	FALSE	FALSE	FALSE	0.058	0	0	TRUE
AA3580-01	HV1a1a	0.966	N/R	1141	1137	120	0	NO	18	6	FALSE	FALSE	FALSE	FALSE	0.1	0.858	0	TRUE
AA3582-01	U5a1f1a1	0.983	N/R	1635	1624	84	0	NO	30	2	FALSE	FALSE	FALSE	FALSE	0.075	0	0	TRUE
AA3586-01	U5b2a3	0.97	N/R	4691	4632	257	0	NO	27	0	FALSE	FALSE	FALSE	FALSE	0.072	0	0	TRUE
AA3589-01	I2a	0.955	N/R	5347	5273	278	0	NO	34	6	FALSE	FALSE	FALSE	FALSE	0.089	0	0	TRUE
AA3594-01	H5s	0.964	N/R	3296	3273	173	0	NO	13	0	FALSE	FALSE	FALSE	FALSE	0.072	0	0	TRUE
AA3595-01	H1g	0.955	N/R	1881	1863	98	0	NO	12	1	FALSE	FALSE	FALSE	FALSE	0.085	0.116	0	TRUE
AA3596-01	H7c1	0.912	N/R	2813	2785	147	0	NO	13	3	FALSE	FALSE	FALSE	FALSE	0.073	1.424	0	TRUE
AA3597-01	I2	0.943	N/R	2472	2426	144	0	NO	34	5	FALSE	FALSE	FALSE	FALSE	0.101	0	0	TRUE
AA3598-01	H10e	0.952	N/R	4877	4855	244	0	NO	13	0	FALSE	FALSE	FALSE	FALSE	0.067	0	0	TRUE
AA3602-01	U5a2a1+152	0.97	N/R	4723	4662	260	0	NO	28	0	FALSE	FALSE	FALSE	FALSE	0.075	0	0	TRUE
AA3605-01	J1c3g	0.966	N/R	2808	2801	151	0	NO	29	1	FALSE	FALSE	FALSE	FALSE	0.069	0	0	TRUE
AA3607-01	H11a1	0.981	N/R	2144	2140	111	0	NO	16	0	FALSE	FALSE	FALSE	FALSE	0.07	0	0	TRUE
AA3608-01	H3s	0.978	N/R	3297	3274	178	0	NO	13	1	FALSE	FALSE	FALSE	FALSE	0.064	0.64	0	TRUE
AA3609-01	H13a2c	0.992	N/R	3000	2976	151	0	YES	15	1	FALSE	FALSE	FALSE	FALSE	0.063	0.001	0	TRUE
AA3615-01	T2b	0.948	N/R	4025	3997	199	0	NO	35	0	FALSE	FALSE	FALSE	FALSE	0.064	0	0	TRUE
AA3616-01	K1a4a1b1	0.995	N/R	1896	1879	98	0	NO	34	0	FALSE	FALSE	FALSE	FALSE	0.074	0	0	TRUE
AA3617-01	J1c2e	0.962	N/R	3584	3564	182	0	NO	33	0	FALSE	FALSE	FALSE	FALSE	0.07	0	0	TRUE
AA3619-01	T1a1c	0.989	N/R	1895	1873	91	0	NO	35	2	FALSE	FALSE	FALSE	FALSE	0.083	0.087	0	TRUE
AA3621-01	T2b	1	N/R	1347	1345	72	0	NO	31	1	FALSE	FALSE	FALSE	FALSE	0.069	0	0	TRUE
AA3623-01	H1bb	1	N/R	1884	1872	101	0	NO	10	3	FALSE	FALSE	FALSE	FALSE	0.064	0.257	0	TRUE
AA3626-01	U5a1a1d	0.981	N/R	1582	1579	81	0	NO	30	1	FALSE	FALSE	FALSE	FALSE	0.077	0.139	0	TRUE
AA3628-01	X2b	1	N/R	1756	1758	91	0	NO	27	1	FALSE	FALSE	FALSE	FALSE	0.073	0.986	0	TRUE
AA3630-01	H5b1	1	N/R	2659	2642	136	0	NO	13	0	FALSE	FALSE	FALSE	FALSE	0.065	0	0	TRUE
AA3631-01	K1a1b1a	0.962	N/R	4073	4050	208	0	NO	37	0	FALSE	FALSE	FALSE	FALSE	0.057	0	0	TRUE
AA3632-01	K1a1b1b	0.996	N/R	2392	2376	118	0	NO	36	1	FALSE	FALSE	FALSE	FALSE	0.065	0.325	0	TRUE
AA3633-01	J1c7a	0.985	N/R	2153	2144	103	0.001	YES	32	1	FALSE	FALSE	FALSE	FALSE	0.061	0.029	0	TRUE
AA3634-01	U5a1b1e*	0.97	N/R	5574	5487	255	0	NO	29	0	FALSE	FALSE	FALSE	FALSE	0.068	0	0	TRUE
AA3636-01	U2e2a1a	0.991	N/R	1923	1897	94	0	NO	36	3	FALSE	FALSE	FALSE	FALSE	0.084	1.009	0	TRUE
AA3639-01	M68a	0.893	M	6394	6356	331	0	NO	43	1	FALSE	FALSE	FALSE	FALSE	0.067	0.671	0	TRUE
AA3640-01	U1b1	0.969	N/R	3991	3958	208	0	NO	31	2	FALSE	FALSE	FALSE	FALSE	0.066	0.026	0	TRUE
AA3641-01	H31a	0.98	N/R	2602	2561	131	0	NO	13	0	FALSE	FALSE	FALSE	FALSE	0.074	0	0	TRUE
AA3642-01	H1a1b	1	N/R	1866	1847	91	0	NO	13	1	FALSE	FALSE	FALSE	FALSE	0.063	0	0	TRUE
AA3644-01	T2b	0.976	N/R	1816	1802	86	0	NO	35	1	FALSE	FALSE	FALSE	FALSE	0.065	0.048	0	TRUE
AA3645-01	H3+16311	0.96	N/R	2318	2300	109	0	NO	10	1	FALSE	FALSE	FALSE	FALSE	0.072	0	0	TRUE
AA3646-01	M36c	0.94	M	2043	2030	99	0	NO	39	1	FALSE	FALSE	FALSE	FALSE	0.071	0	0	TRUE
AA3650-01	T2b2b	0.967	N/R	2068	2058	105	0	NO	33	0	FALSE	FALSE	FALSE	FALSE	0.06	0	0	TRUE
AA3651-01	H4a1a1	0.94	N/R	1848	1835	96	0	NO	17	1	FALSE	FALSE	FALSE	FALSE	0.068	0.16	0	TRUE
AA3658-01	H3r	0.967	N/R	2089	2063	114	0	NO	10	6	FALSE	FALSE	FALSE	FALSE	0.074	0.172	0	TRUE
AA3661-01	H1e1a3	1	N/R	2383	2359	113	0	NO	12	2	FALSE	FALSE	FALSE	FALSE	0.069	0	0	TRUE
AA3667-01	M7c1b2b	0.947	M	2086	2060	103	0	NO	43	2	FALSE	FALSE	FALSE	FALSE	0.077	0.089	0	TRUE
AA3672-01	V3a1	0.937	N/R	1083	1076	56	0	NO	18	0	FALSE	FALSE	FALSE	FALSE	0.071	0	0	TRUE
AA3674-01	H	0.813	N/R	1552	1532	78	0	NO	13	0	FALSE	FALSE	FALSE	FALSE	0.082	0	0	TRUE
AA3675-01	N1b1a5	0.98	N/R	1928	1915	94	0	NO	38	0	FALSE	FALSE	FALSE	FALSE	0.065	0	0	TRUE
AA3678-01	H5a3a3	1	N/R	6496	6454	359	0	NO	13	0	FALSE	FALSE	FALSE	TRUE	0.052	0	0	TRUE
AA3681-01	M35	0.747	M	4224	4189	216	0	NO	51	1	FALSE	FALSE	FALSE	FALSE	0.066	0.214	0	TRUE
AA3682-01	H5a3a3	1	N/R	1327	1320	72	0	NO	13	0	FALSE	FALSE	FALSE	TRUE	0.077	0	0	TRUE
AA3699-01	J1b1a1a	1	N/R	4041	4016	220	0	NO	36	0	FALSE	FALSE	FALSE	TRUE	0.058	0	0	TRUE
