"Position","Locus","Disease","Allele","RNA","Homoplasmy","Heteroplasmy","Status","MitoTIP†","GB Freq  FL (CR)*‡","GB Seqs FL (CR)*","References","VAR"
576,"MT-CR","Hearing loss patient","A576G","noncoding MT-TF precursor","nr","nr","Reported","N/A","0.005%(0.012%)","3 (10)",1,"576_A_G"
578,"MT-TF","Unspecified patient from clinical lab / MS","T578C","tRNA Phe","nr","+","Reported [VUS-]","78.30%","0.000%(0.000%)","0 (0)",2,"578_T_C"
582,"MT-TF","Mitochondrial myopathy","T582C","tRNA Phe","-","+","Reported","72.90%","0.000%(0.000%)","0 (0)",3,"582_T_C"
583,"MT-TF","MELAS / MM & EXIT","G583A","tRNA Phe","-","+","Cfrm [VUS*]","Pathogenic","0.000%(0.000%)","0 (0)",5,"583_G_A"
586,"MT-TF","Extrapyramidal disorder with akinesia-rigidity, psychosis and SNHL","G586A","tRNA Phe","-","+","Reported [VUS]","89.70%","0.000%(0.000%)","0 (0)",6,"586_G_A"
590,"MT-TF","EXIT+ataxia+RP","A590G","tRNA Phe","-","+","Reported [VUS]","16.30%","0.000%(0.000%)","0 (0)",1,"590_A_G"
591,"MT-TF","Gitelman-like syndrome","C591T","tRNA Phe","+","+","Cfrm [LP]","Pathogenic","0.000%(0.000%)","0 (0)",2,"591_C_T"
593,"MT-TF","Nonsyndromic hearing loss / LHON / PCOS patient","T593C","tRNA Phe","+","-","Reported","0.80%","0.512% (0.000%)","334 (0)",8,"593_T_C"
602,"MT-TF","Axial myopathy with encephalopathy","C602T","tRNA Phe","-","+","Reported","85.90%","0.002%(0.000%)","1 (0)",2,"602_C_T"
606,"MT-TF","Myoglobinuria","A606G","tRNA Phe","+","+","Unclear","64.90%","0.040%(0.000%)","26 (0)",5,"606_A_G"
608,"MT-TF","Tubulo-interstitial nephritis","A608G","tRNA Phe","+","-","Reported [VUS]","65.00%","0.000%(0.000%)","0 (0)",3,"608_A_G"
611,"MT-TF","MERRF","G611A","tRNA Phe","-","+","Reported [VUS]","51.20%","0.000%(0.000%)","0 (0)",4,"611_G_A"
616,"MT-TF","Maternally inherited epilepsy / mito tubulointerstitial kidney disease (MITKD) / Gitelman-like syndrome","T616C","tRNA Phe","+","+","Cfrm [LP]","Pathogenic","0.002%(0.000%)","1 (0)",6,"616_T_C"
616,"MT-TF","Maternally inherited epilepsy","T616G","tRNA Phe","+","+","Reported [VUS]","95.60%","0.002%(0.000%)","1 (0)",1,"616_T_G"
617,"MT-TF","Carotid artery stenosis","G617A","tRNA Phe","-","+","Reported","81.70%","0.000%(0.000%)","0 (0)",1,"617_G_A"
618,"MT-TF","MM","T618C","tRNA Phe","-","+","Reported [VUS]","65.80%","0.000%(0.000%)","0 (0)",3,"618_T_C"
618,"MT-TF","Ptosis CPEO MM & EXIT","T618G","tRNA Phe","-","+","Reported","77.50%","0.000%(0.000%)","0 (0)",1,"618_T_G"
622,"MT-TF","EXIT & Deafness","G622A","tRNA Phe","-","+","Reported [VUS]","41.50%","0.000%(0.000%)","0 (0)",3,"622_G_A"
625,"MT-TF","SNHL & Epilepsy","G625A","tRNA Phe","-","+","Reported","81.30%","0.000%(0.000%)","0 (0)",1,"625_G_A"
628,"MT-TF","DEAF","C628T","tRNA Phe","-","+","Reported","34.80%","0.005%(0.000%)","3 (0)",2,"628_C_T"
636,"MT-TF","DEAF","A636G","tRNA Phe","+","-","Reported","1.30%","0.031%(0.000%)","20 (0)",3,"636_A_G"
641,"MT-TF","Epileptic Encephalopathy","A641T","tRNA Phe","-","+","Reported","69.00%","0.000%(0.000%)","0 (0)",1,"641_A_T"
642,"MT-TF","Ataxia, PEO, deafness","T642C","tRNA Phe","-","+","Reported","67.60%","0.000%(0.000%)","0 (0)",1,"642_T_C"
643,"MT-TF","Gitelman-like syndrome","A643G","tRNA Phe","+","-","Reported","38.20%","0.000%(0.000%)","0 (0)",1,"643_A_G"
653,"MT-RNR1","Atherosclerosis risk","G653del","12S rRNA","-","+","Reported","N/A","0.000%(0.000%)","0 (0)",2,"652_GG_G"
653,"MT-RNR1","Atherosclerosis study","G653GG","12S rRNA","-","+","Reported","N/A","0.000%(0.000%)","0 (0)",1,"653_G_GG"
663,"MT-RNR1","Coronary atherosclerosis risk","A663G","12S rRNA","+","-","Reported","N/A","2.798% (0.000%)","1826 (0)",1,"663_A_G"
669,"MT-RNR1","DEAF","T669C","12S rRNA","+","-","Reported","N/A","0.185%(0.000%)","121 (0)",4,"669_T_C"
721,"MT-RNR1","Possibly LVNC-associated","T721C","12S rRNA","+","-","Reported","N/A","0.221%(0.000%)","144 (0)",1,"721_T_C"
735,"MT-RNR1","DEAF","A735G","12S rRNA","nr","nr","Reported","N/A","0.118%(0.000%)","77 (0)",2,"735_A_G"
745,"MT-RNR1","DEAF-associated","A745G","12S rRNA","+","-","Reported","N/A","0.060%(0.000%)","39 (0)",1,"745_A_G"
747,"MT-RNR1","DEAF-associated","A747G","12S rRNA","+","-","Reported","N/A","0.017%(0.000%)","11 (0)",2,"747_A_G"
750,"MT-RNR1","SZ-associated","A750A","12S rRNA","+","-","Reported","N/A","1.434%(0.000%)","936 (0)",1,"750_A_A"
773,"MT-RNR1","Possible association with sepsis","T773C","12S rRNA","-","+","Reported","N/A","0.009%(0.000%)","6 (0)",2,"773_T_C"
792,"MT-RNR1","Increased risk of nonsyndromic deafness","C792T","12S rRNA","+","-","Reported","N/A","0.008%(0.000%)","5 (0)",1,"792_C_T"
801,"MT-RNR1","DEAF-associated","A801G","12S rRNA","+","-","Reported","N/A","0.012%(0.000%)","8 (0)",1,"801_A_G"
827,"MT-RNR1","DEAF","A827G","12S rRNA","+","-","Conflicting reports","N/A","2.573% (0.000%)","1679 (0)",19,"827_A_G"
839,"MT-RNR1","DEAF-associated","A839G","12S rRNA","+","-","Reported","N/A","0.011%(0.000%)","7 (0)",2,"839_A_G"
850,"MT-RNR1","Possibly LVNC-associated","T850C","12S rRNA","+","-","Reported","N/A","0.190%(0.000%)","124 (0)",1,"850_T_C"
856,"MT-RNR1","LHON helper / AD / DEAF-associated","A856G","12S rRNA","+","-","Reported","N/A","0.028%(0.000%)","18 (0)",3,"856_A_G"
869,"MT-RNR1","found in 1 HCM patient","C869T","12S rRNA","+","-","Reported","N/A","0.143%(0.000%)","93 (0)",1,"869_C_T"
921,"MT-RNR1","Possibly LVNC-associated","T921C","12S rRNA","+","-","Reported","N/A","0.713% (0.000%)","465 (0)",2,"921_T_C"
955,"MT-RNR1","Possible association with sepsis","A955C","12S rRNA","-","+","Reported","N/A","0.003%(0.000%)","2 (0)",1,"955_A_C"
960,"MT-RNR1","Possibly DEAF-associated","C960del","12S rRNA","+","-","Reported","N/A","0.092%(0.000%)","60 (0)",1,"959_CC_C"
960,"MT-RNR1","Possibly DEAF-associated","C960CC","12S rRNA","+","-","Reported","N/A","0.621% (0.000%)","405 (0)",5,"960_C_CC"
961,"MT-RNR1","DEAF, possibly LVNC-associated","T961C","12S rRNA","+","-","Unclear","N/A","0.880% (0.000%)","574 (0)",9,"961_T_C"
961,"MT-RNR1","DEAF / AD-associated / intellectual disability","T961delT+ / -C(n)ins","12S rRNA","+","+","Reported [LB]","N/A","0.000%(0.000%)","0 (0)",22,NA
961,"MT-RNR1","Possibly DEAF-associated","T961G","12S rRNA","+","-","Unclear","N/A","0.360% (0.000%)","235 (0)",7,"961_T_G"
965,"MT-RNR1","DEAF","T965TC","12S rRNA","+","-","Unclear","N/A","0.002%(0.000%)","1 (0)",12,"965_T_TC"
988,"MT-RNR1","Possible DEAF risk factor","G988A","12S rRNA","nr","nr","Reported","N/A","0.089%(0.000%)","58 (0)",1,"988_G_A"
990,"MT-RNR1","DEAF","T990C","12S rRNA","+","-","Reported","N/A","0.072%(0.000%)","47 (0)",1,"990_T_C"
1005,"MT-RNR1","DEAF","T1005C","12S rRNA","+","-","Unclear","N/A","0.443% (0.000%)","289 (0)",5,"1005_T_C"
1027,"MT-RNR1","DEAF-associated","A1027G","12S rRNA","+","-","Reported [VUS]","N/A","0.035%(0.000%)","23 (0)",2,"1027_A_G"
1095,"MT-RNR1","SNHL","T1095C","12S rRNA","+","+","Unclear","N/A","0.104%(0.000%)","68 (0)",17,"1095_T_C"
1116,"MT-RNR1","DEAF","A1116G","12S rRNA","+","-","Reported","N/A","0.015%(0.000%)","10 (0)",2,"1116_A_G"
1119,"MT-RNR1","Possible role in high altitude sickness","T1119C","12S rRNA","nr","nr","Reported","N/A","0.518% (0.000%)","338 (0)",1,"1119_T_C"
1180,"MT-RNR1","Possibly DEAF-associated","T1180G","12S rRNA","+","-","Reported","N/A","0.000%(0.000%)","0 (0)",2,"1180_T_G"
1192,"MT-RNR1","DEAF-associated","C1192A","12S rRNA","+","-","Reported","N/A","0.023%(0.000%)","15 (0)",2,"1192_C_A"
1192,"MT-RNR1","DEAF-associated","C1192T","12S rRNA","+","-","Reported","N/A","0.023%(0.000%)","15 (0)",1,"1192_C_T"
1226,"MT-RNR1","Possibly DEAF-associated","C1226G","12S rRNA","+","-","Reported","N/A","0.000%(0.000%)","0 (0)",2,"1226_C_G"
1227,"MT-RNR1","Translation disruption in cancer cells","G1227A","12S rRNA","-","+","Reported","N/A","0.000%(0.000%)","0 (0)",1,"1227_G_A"
1291,"MT-RNR1","DEAF","T1291C","12S rRNA","+","-","Unclear","N/A","0.086%(0.000%)","56 (0)",3,"1291_T_C"
1310,"MT-RNR1","DEAF-associated","C1310T","12S rRNA","+","-","Reported","N/A","0.060%(0.000%)","39 (0)",2,"1310_C_T"
1331,"MT-RNR1","DEAF-associated","A1331G","12S rRNA","+","-","Reported","N/A","0.031%(0.000%)","20 (0)",1,"1331_A_G"
1349,"MT-RNR1","DEAF","T1349G","12S rRNA","-","+","Reported","N/A","0.000%(0.000%)","0 (0)",1,"1349_T_G"
1374,"MT-RNR1","DEAF-associated","A1374G","12S rRNA","+","-","Reported","N/A","0.002%(0.000%)","1 (0)",2,"1374_A_G"
1382,"MT-RNR1","Longevity / T2D susceptibility","A1382C","12S rRNA","+","-","Reported","N/A","0.310% (0.000%)","202 (0)",3,"1382_A_C"
1391,"MT-RNR1","found in 1 HCM patient","T1391C","12S rRNA","+","+","Reported","N/A","0.215% (0.000%)","140 (0)",1,"1391_T_C"
1413,"MT-RNR1","DEAF-associated","T1413C","12S rRNA","+","-","Reported","N/A","0.141%(0.000%)","92 (0)",1,"1413_T_C"
1420,"MT-RNR1","DEAF","T1420G","12S rRNA","+","+","Reported","N/A","0.000%(0.000%)","0 (0)",1,"1420_T_G"
1438,"MT-RNR1","SZ-associated","A1438A","12S rRNA","+","-","Reported","N/A","4.459%(0.000%)","2910 (0)",1,"1438_A_A"
1452,"MT-RNR1","DEAF-associated","T1452C","12S rRNA","+","-","Reported","N/A","0.084%(0.000%)","55 (0)",1,"1452_T_C"
1453,"MT-RNR1","Possible DEAF risk factor","A1453G","12S rRNA","nr","nr","Reported","N/A","0.175%(0.000%)","114 (0)",1,"1453_A_G"
1492,"MT-RNR1","DEAF","A1492C","12S rRNA","-","+","Reported","N/A","0.000%(0.000%)","0 (0)",1,"1492_A_C"
1494,"MT-RNR1","DEAF","C1494T","12S rRNA","+","-","Cfrm [LP]","N/A","0.008%(0.000%)","5 (0)",34,"1494_C_T"
1517,"MT-RNR1","DEAF","A1517C","12S rRNA","-","+","Reported","N/A","0.000%(0.000%)","0 (0)",1,"1517_A_C"
1537,"MT-RNR1","DEAF; intellectual disability","C1537T","12S rRNA","+","-","Reported","N/A","0.014%(0.000%)","9 (0)",1,"1537_C_T"
1544,"MT-RNR1","DEAF","A1544T","12S rRNA","+","-","Reported","N/A","0.000%(0.000%)","0 (0)",2,"1544_A_T"
1546,"MT-RNR1","DEAF","A1546T","12S rRNA","+","-","Reported","N/A","0.000%(0.000%)","0 (0)",1,"1546_A_T"
1554,"MT-RNR1","DEAF","G1554A","12S rRNA","+","-","Reported","N/A","0.000%(0.000%)","0 (0)",1,"1554_G_A"
1555,"MT-RNR1","DEAF; autism spectrum intellectual disability; possibly antiatherosclerotic","A1555G","12S rRNA","+","+","Cfrm [P]","N/A","0.133%(0.000%)","87 (0)",161,"1555_A_G"
1556,"MT-RNR1","found in 1 HCM patient","C1556T","12S rRNA","+","-","Reported","N/A","0.020%(0.000%)","13 (0)",1,"1556_C_T"
1575,"MT-RNR1","DEAF","T1575G","12S rRNA","+","-","Reported","N/A","0.000%(0.000%)","0 (0)",1,"1575_T_G"
1577,"MT-RNR1","DEAF","T1577G","12S rRNA","-","+","Reported","N/A","0.000%(0.000%)","0 (0)",1,"1577_T_G"
1606,"MT-TV","AMDF / retinal degeneration","G1606A","tRNA Val","-","+","Cfrm [VUS*]","Pathogenic","0.000%(0.000%)","0 (0)",6,"1606_G_A"
1607,"MT-TV","Suspected mito disease","T1607C","tRNA Val","+","+","Reported","18.10%","0.020%(0.000%)","13 (0)",2,"1607_T_C"
1608,"MT-TV","Leigh Sydrome / Parkinsonism with dystonia","G1608A","tRNA Val","-","+","Reported","62.10%","0.002%(0.000%)","1 (0)",3,"1608_G_A"
1612,"MT-TV","LVNC (left ventricular noncompaction)","C1612T","tRNA Val","+","-","Reported as VUS","76.50%","0.000%(0.000%)","0 (0)",1,"1612_C_T"
1616,"MT-TV","MELAS","A1616G","tRNA Val","nr","nr","Reported","36.70%","0.000%(0.000%)","0 (0)",1,"1616_A_G"
1624,"MT-TV","Leigh Syndrome","C1624T","tRNA Val","+","-","Cfrm [LP]","Pathogenic","0.000%(0.000%)","0 (0)",6,"1624_C_T"
1630,"MT-TV","MNGIE-like disease / MELAS / epilepsy","A1630G","tRNA Val","-","+","Cfrm [VUS*]","Pathogenic","0.000%(0.000%)","0 (0)",10,"1630_A_G"
1636,"MT-TV","Global developmental delay, CMT disease, progressive myoclonic epilepsy, paroxysmal arrhythmia, and brain atrophy","A1636G","tRNA Val","-","+","Reported","30.50%","0.002%(0.000%)","1 (0)",2,"1636_A_G"
1640,"MT-TV","MELAS","A1640G","tRNA Val","+","+","Reported","6.70%","0.005%(0.000%)","3 (0)",1,"1640_A_G"
1642,"MT-TV","MELAS","G1642A","tRNA Val","-","+","Reported","74.30%","0.000%(0.000%)","0 (0)",2,"1642_G_A"
1643,"MT-TV","Late infantile onset fatal mito disease","A1643G","tRNA Val","+","+","Reported","42.00%","0.003%(0.000%)","2 (0)",2,"1643_A_G"
1644,"MT-TV","Leigh Syndrome / HCM / MELAS","G1644A","tRNA Val","-","+","Cfrm [LP]","Pathogenic","0.000%(0.000%)","0 (0)",6,"1644_G_A"
1644,"MT-TV","Adult Leigh Syndrome","G1644T","tRNA Val","-","+","Reported","48.40%","0.000%(0.000%)","0 (0)",1,"1644_G_T"
1659,"MT-TV","Movement Disorder","T1659C","tRNA Val","-","+","Reported [VUS]","69.60%","0.000%(0.000%)","0 (0)",3,"1659_T_C"
1661,"MT-TV","Charcot Marie Tooth (CMT)","A1661G","tRNA Val","+","-","Reported [VUS]","27.60%","0.002%(0.000%)","1 (0)",2,"1661_A_G"
2156,"MT-RNR2","Possible association with sepsis","A2156AA","16S rRNA","-","+","Reported","N/A","0.317% (0.000%)","207 (0)",8,"2156_A_AA"
2158,"MT-RNR2","Reduced risk PD","T2158C","16S rRNA","nr","nr","Reported","N/A","0.388%(0.000%)","253 (0)",2,"2158_T_C"
2336,"MT-RNR2","Hypertrophic cardiomyopathy","T2336C","16S rRNA","+","-","Reported","N/A","0.000%(0.000%)","0 (0)",2,"2336_T_C"
2352,"MT-RNR2","Possibly LVNC-associated / fibromyalgia / PCOS patient","T2352C","16S rRNA","+","-","Reported","N/A","2.652% (0.000%)","1731 (0)",5,"2352_T_C"
2361,"MT-RNR2","Possibly LVNC-associated","G2361A","16S rRNA","+","-","Reported","N/A","0.238% (0.000%)","155 (0)",1,"2361_G_A"
2492,"MT-RNR2","Possible association with sepsis","G2492A","16S rRNA","-","+","Reported","N/A","0.002%(0.000%)","1 (0)",2,"2492_G_A"
2639,"MT-RNR2","Rare mutation in a single POAG patient","C2639A","16S rRNA","+","-","Reported","N/A","0.002%(0.000%)","1 (0)",1,"2639_C_A"
2639,"MT-RNR2","Proposed hg-specific mitigation of APOE4 pathogenicity","C2639T","16S rRNA","+","-","Reported","N/A","0.264% (0.000%)","172 (0)",2,"2639_C_T"
2647,"MT-RNR2","Possible association with sepsis","G2647A","16S rRNA","-","+","Reported","N/A","0.002%(0.000%)","1 (0)",2,"2647_G_A"
2648,"MT-RNR2","Rett Syndrome","T2648C","16S rRNA","nr","nr","Reported","N/A","0.002%(0.000%)","1 (0)",1,"2648_T_C"
2706,"MT-RNR2","Increased risk of T2DM in haplogroup H","A2706A","16S rRNA","+","-","Reported","N/A","21.094%(0.000%)","13766 (0)",1,"2706_A_A"
2755,"MT-RNR2","Possibly LVNC-associated / PCOS patient","A2755G","16S rRNA","+","-","Reported","N/A","0.434% (0.000%)","283 (0)",4,"2755_A_G"
2806,"MT-RNR2","Possible association with sepsis","T2806A","16S rRNA","-","+","Reported","N/A","0.000%(0.000%)","0 (0)",1,"2806_T_A"
2835,"MT-RNR2","Rett Syndrome","C2835T","16S rRNA","-","+","Reported","N/A","0.113%(0.000%)","74 (0)",2,"2835_C_T"
3010,"MT-RNR2","Cyclic Vomiting Syndrome with Migraine / high altitude adaptation","G3010A","16S rRNA","+","-","Reported","N/A","14.868% (0.000%)","9703 (0)",9,"3010_G_A"
3054,"MT-RNR2","Possible association with sepsis","G3054A","16S rRNA","-","+","Reported","N/A","0.000%(0.000%)","0 (0)",2,"3054_G_A"
3090,"MT-RNR2","Myopathy","G3090A","16S rRNA","-","+","Reported","N/A","0.003%(0.000%)","2 (0)",1,"3090_G_A"
3093,"MT-RNR2","MELAS","C3093G","16S rRNA","-","+","Reported","N/A","0.000%(0.000%)","0 (0)",2,"3093_C_G"
3096,"MT-RNR2","Possible association with sepsis","T3096C","16S rRNA","-","+","Reported","N/A","0.028%(0.000%)","18 (0)",3,"3096_T_C"
3098,"MT-RNR2","Possible association with sepsis","T3098C","16S rRNA","-","+","Reported","N/A","0.000%(0.000%)","0 (0)",2,"3098_T_C"
3111,"MT-RNR2","Migraine","A3111T","16S rRNA","+","-","Reported","N/A","0.009%(0.000%)","6 (0)",1,"3111_A_T"
3196,"MT-RNR2","ADPD","G3196A","16S rRNA","+","+","Reported","N/A","0.026%(0.000%)","17 (0)",3,"3196_G_A"
3236,"MT-TL1","Sporadic bilateral optic neuropathy / hearing loss","A3236G","tRNA Leu (UUR)","nr","nr","Reported","37.80%","0.006%(0.000%)","4 (0)",4,"3236_A_G"
3242,"MT-TL1","MM / HCM+renal tubular dysfunction","G3242A","tRNA Leu (UUR)","+","+","Cfrm [LP]","Pathogenic","0.000%(0.000%)","0 (0)",13,"3242_G_A"
3243,"MT-TL1","MELAS / Leigh Syndrome / DMDF / MIDD / SNHL / CPEO / MM / FSGS / ASD / Cardiac+multi-organ dysfunction","A3243G","tRNA Leu (UUR)","-","+","Cfrm [P]","Pathogenic","0.015%(0.000%)","10 (0)",487,"3243_A_G"
3243,"MT-TL1","MM / MELAS / SNHL / CPEO","A3243T","tRNA Leu (UUR)","-","+","Cfrm [LP]","Pathogenic","0.000%(0.000%)","0 (0)",14,"3243_A_T"
3244,"MT-TL1","MELAS","G3244A","tRNA Leu (UUR)","-","+","Reported","41.60%","0.006%(0.000%)","4 (0)",5,"3244_G_A"
3249,"MT-TL1","KSS","G3249A","tRNA Leu(UUR)","-","+","Reported [VUS]","39.30%","0.000%(0.000%)","0 (0)",5,"3249_G_A"
3250,"MT-TL1","MM / CPEO / cardiomyopathy","T3250C","tRNA Leu (UUR)","-","+","Reported","33.40%","0.002%(0.000%)","1 (0)",16,"3250_T_C"
3251,"MT-TL1","MM / MELAS","A3251G","tRNA Leu (UUR)","-","+","Cfrm [LP]","Pathogenic","0.000%(0.000%)","0 (0)",8,"3251_A_G"
3252,"MT-TL1","MELAS","A3252G","tRNA Leu (UUR)","-","+","Cfrm [LP]","Pathogenic","0.000%(0.000%)","0 (0)",7,"3252_A_G"
3252,"MT-TL1","EXIT","A3252T","tRNA Leu (UUR)","-","+","Reported","39.40%","0.000%(0.000%)","0 (0)",2,"3252_A_T"
3253,"MT-TL1","Maternally inherited hypertension","T3253C","tRNA Leu (UUR)","+","-","Reported","0.40%","0.011%(0.000%)","7 (0)",4,"3253_T_C"
3254,"MT-TL1","Gestational Diabetes (GDM)","C3254A","tRNA Leu (UUR)","-","+","Reported","60.80%","0.054%(0.000%)","35 (0)",1,"3254_C_A"
3254,"MT-TL1","MM","C3254G","tRNA Leu (UUR)","-","+","Reported","60.80%","0.000%(0.000%)","0 (0)",4,"3254_C_G"
3254,"MT-TL1","CPEO / diabetes / poss. hypertension factor","C3254T","tRNA Leu (UUR)","+","-","Reported","25.30%","0.034%(0.000%)","22 (0)",6,"3254_C_T"
3255,"MT-TL1","MERRF / KSS overlap","G3255A","tRNA Leu (UUR)","-","+","Cfrm [LP]","Pathogenic","0.000%(0.000%)","0 (0)",6,"3255_G_A"
3256,"MT-TL1","MELAS; possible atherosclerosis risk","C3256T","tRNA Leu (UUR)","-","+","Cfrm [LP]","Pathogenic","0.000%(0.000%)","0 (0)",22,"3256_C_T"
3258,"MT-TL1","MELAS / Myopathy","T3258C","tRNA Leu (UUR)","-","+","Cfrm [LP]","Pathogenic","0.002%(0.000%)","1 (0)",5,"3258_T_C"
3260,"MT-TL1","MMC / MELAS","A3260G","tRNA Leu (UUR)","-","+","Cfrm [LP]","Pathogenic","0.000%(0.000%)","0 (0)",18,"3260_A_G"
3261,"MT-TL1","Essential hypertension","A3261G","tRNA Leu (UUR)","+","-","Reported","27.50%","0.011%(0.000%)","7 (0)",1,"3261_A_G"
3264,"MT-TL1","DM","T3264C","tRNA Leu (UUR)","-","+","Reported","47.30%","0.000%(0.000%)","0 (0)",3,"3264_T_C"
3271,"MT-TL1","MELAS / DM / MERRF-like","T3271C","tRNA Leu (UUR)","-","+","Cfrm [P]","Pathogenic","0.000%(0.000%)","0 (0)",41,"3271_T_C"
3273,"MT-TL1","PEM / retinal dystrophy in MELAS","T3273del","tRNA Leu (UUR)","-","+","Cfrm [VUS*]","Pathogenic","0.000%(0.000%)","0 (0)",2,"3272_TT_T"
3273,"MT-TL1","Ocular myopathy","T3273C","tRNA Leu (UUR)","-","+","Reported","71.20%","0.000%(0.000%)","0 (0)",2,"3273_T_C"
3274,"MT-TL1","Encephalomyopathy with proteinuric kidney disease","3274_3275delAC","tRNA Leu (UUR)","-","+","Reported","-","0.000%(0.000%)","0 (0)",1,"3273_TAC_T"
3274,"MT-TL1","Neuropsychiatric syndrome + cataract","A3274G","tRNA Leu (UUR)","-","+","Reported [VUS]","77.10%","0.000%(0.000%)","0 (0)",4,"3274_A_G"
3275,"MT-TL1","LHON","C3275A","tRNA Leu (UUR)","+","-","Reported","2.20%","0.006%(0.000%)","4 (0)",4,"3275_C_A"
3275,"MT-TL1","Metabolic syndrome and polycystic ovary syndrome / LHON","C3275T","tRNA Leu (UUR)","+","-","Reported","2.20%","0.005%(0.000%)","3 (0)",7,"3275_C_T"
3277,"MT-TL1","Poss. hypertension factor","G3277A","tRNA Leu (UUR)","+","-","Reported","2.90%","0.067%(0.000%)","44 (0)",2,"3277_G_A"
3278,"MT-TL1","Poss. hypertension factor","T3278C","tRNA Leu (UUR)","+","-","Reported","13.10%","0.028%(0.000%)","18 (0)",3,"3278_T_C"
3280,"MT-TL1","Myopathy","A3280G","tRNA Leu (UUR)","-","+","Cfrm [VUS*]","Pathogenic","0.000%(0.000%)","0 (0)",6,"3280_A_G"
3283,"MT-TL1","Late onset ocular myopathy","G3283A","tRNA Leu (UUR)","-","+","Reported","58.70%","0.000%(0.000%)","0 (0)",1,"3283_G_A"
3287,"MT-TL1","Encephalomyopathy","C3287A","tRNA Leu (UUR)","-","+","Reported","38.30%","0.000%(0.000%)","0 (0)",2,"3287_C_A"
3288,"MT-TL1","Myopathy","A3288G","tRNA Leu (UUR)","-","+","Reported [VUS]","36.10%","0.000%(0.000%)","0 (0)",7,"3288_A_G"
3290,"MT-TL1","Poss. hypertension factor /  3243G-protective","T3290C","tRNA Leu (UUR)","+","-","Reported","1.40%","0.211% (0.000%)","138 (0)",7,"3290_T_C"
3291,"MT-TL1","MELAS / Myopathy / Deafness+Cognitive Impairment","T3291C","tRNA Leu (UUR)","-","+","Cfrm [LP]","Pathogenic","0.000%(0.000%)","0 (0)",18,"3291_T_C"
3302,"MT-TL1","MM","A3302G","tRNA Leu (UUR)","-","+","Cfrm [LP]","Pathogenic","0.000%(0.000%)","0 (0)",16,"3302_A_G"
3303,"MT-TL1","MMC","C3303T","tRNA Leu (UUR)","+","+","Cfrm [LP]","Pathogenic","0.000%(0.000%)","0 (0)",22,"3303_C_T"
4263,"MT-TI","Maternally inherited essential hypertension","A4263G","tRNA Ile","+","-","Reported","67.80%","0.005%(0.000%)","3 (0)",5,"4263_A_G"
4267,"MT-TI","MM / CPEO","A4267G","tRNA Ile","-","+","Reported","71.10%","0.000%(0.000%)","0 (0)",4,"4267_A_G"
4268,"MT-TI","Maternally inherited hearing loss","T4268C","tRNA Ile","+","-","Reported","65.90%","0.000%(0.000%)","0 (0)",1,"4268_T_C"
4269,"MT-TI","FICP","A4269G","tRNA Ile","-","+","Reported [VUS]","82.80%","0.002%(0.000%)","1 (0)",10,"4269_A_G"
4271,"MT-TI","Suspected mitochondrial disease","G4271C","tRNA Ile","-","+","Reported","52.20%","0.000%(0.000%)","0 (0)",1,"4271_G_C"
4274,"MT-TI","CPEO / Motor Neuron Disease","T4274C","tRNA Ile","-","+","Reported","85.50%","0.000%(0.000%)","0 (0)",6,"4274_T_C"
4277,"MT-TI","HCM / Poss. hypertension factor","T4277C","tRNA Ile","+","-","Reported","8.90%","0.034%(0.000%)","22 (0)",3,"4277_T_C"
4279,"MT-TI","Myoclonic epilepsy","A4279G","tRNA Ile","-","+","Reported","54.90%","0.000%(0.000%)","0 (0)",1,"4279_A_G"
4281,"MT-TI","Recurrent Myoglobinuria","A4281G","tRNA Ile","-","+","Reported","87.90%","0.002%(0.000%)","1 (0)",1,"4281_A_G"
4282,"MT-TI","CPEO Plus","G4282A","tRNA Ile","-","+","Reported","82.30%","0.000%(0.000%)","0 (0)",1,"4282_G_A"
4284,"MT-TI","Varied familial presentation / spastic paraparesis / MERRF-like","G4284A","tRNA Ile","-","+","Reported [VUS]","35.30%","0.003%(0.000%)","2 (0)",8,"4284_G_A"
4285,"MT-TI","CPEO","T4285C","tRNA Ile","-","+","Reported","84.80%","0.000%(0.000%)","0 (0)",7,"4285_T_C"
4289,"MT-TI","Retinopathy+diabetes+dysphagia+cerebral atrophy","T4289C","tRNA Ile","-","+","Reported","84.30%","0.000%(0.000%)","0 (0)",1,"4289_T_C"
4290,"MT-TI","Progressive Encephalopathy / PEO,myopathy","T4290C","tRNA Ile","+","+","Reported","47.70%","0.000%(0.000%)","0 (0)",5,"4290_T_C"
4291,"MT-TI","Hypomagnesemic Metabolic Syndrome / Gitelman-like syndrome","T4291C","tRNA Ile","+","-","Reported [VUS]","31.80%","0.000%(0.000%)","0 (0)",2,"4291_T_C"
4295,"MT-TI","MHCM / Maternally inherited hypertension / Maternally inherited deafness","A4295G","tRNA Ile","+","+","Reported [VUS]","44.00%","0.173%(0.000%)","113 (0)",16,"4295_A_G"
4296,"MT-TI","Leigh Syndrome","G4296A","tRNA Ile","-","+","Reported [VUS]","46.60%","0.000%(0.000%)","0 (0)",4,"4296_G_A"
4298,"MT-TI","CPEO / MS","G4298A","tRNA Ile","-","+","Cfrm [VUS*]","Pathogenic","0.000%(0.000%)","0 (0)",11,"4298_G_A"
4300,"MT-TI","MICM","A4300G","tRNA Ile","+","+","Cfrm [LP]","Pathogenic","0.000%(0.000%)","0 (0)",12,"4300_A_G"
4301,"MT-TI","Patient with MELAS","A4301T","tRNA Ile","nr","nr","Reported","59.50%","0.002%(0.000%)","1 (0)",1,"4301_A_T"
4302,"MT-TI","CPEO","A4302G","tRNA Ile","-","+","Reported","42.00%","0.000%(0.000%)","0 (0)",1,"4302_A_G"
4305,"MT-TI","Suspected mitochondrial disease","A4305G","tRNA Ile","-","+","Reported","44.50%","0.000%(0.000%)","0 (0)",1,"4305_A_G"
4308,"MT-TI","CPEO","G4308A","tRNA Ile","-","+","Cfrm [VUS*]","Pathogenic","0.000%(0.000%)","0 (0)",3,"4308_G_A"
4309,"MT-TI","CPEO","G4309A","tRNA Ile","-","+","Reported","64.10%","0.000%(0.000%)","0 (0)",4,"4309_G_A"
4314,"MT-TI","Poss. hypertension factor","T4314C","tRNA Ile","+","-","Reported","1.70%","0.075%(0.000%)","49 (0)",2,"4314_T_C"
4316,"MT-TI","HCM with hearing loss / poss. hypertension factor","A4316G","tRNA Ile","+","+","Reported","37.10%","0.055%(0.000%)","36 (0)",4,"4316_A_G"
4317,"MT-TI","Ptosis, deafness, stroke-like episodes","A4317del","tRNA Ile","nr","nr","Reported","2.10%","0.025%(0.000%)","16 (0)",5,"4316_AA_A"
4317,"MT-TI","FICP / poss. Hypertension / DEAF factor","A4317G","tRNA Ile","+","-","Reported","2.10%","0.078%(0.000%)","51 (0)",15,"4317_A_G"
4320,"MT-TI","Mitochondrial Encephalocardiomyopathy","C4320T","tRNA Ile","-","+","Reported","25.60%","0.015%(0.000%)","10 (0)",6,"4320_C_T"
4322,"MT-TI","mtDNA deletion and depletion with dilated cardiomyopathy","C4322del","tRNA Ile","+","-","Reported","88.10%","0.003%(0.000%)","2 (0)",1,"4321_CC_C"
4322,"MT-TI","Idiopathic Dilated Cardiomopathy","C4322CC","tRNA Ile","-","+","Reported","-","0.005%(0.000%)","3 (0)",1,"4322_C_CC"
4327,"MT-TI","Ataxia+, with RRF and COX deficiency","T4327C","tRNA Ile","-","+","Reported","71.00%","0.000%(0.000%)","0 (0)",2,"4327_T_C"
4332,"MT-TQ","Encephalopathy / MELAS","G4332A","tRNA Gln","-","+","Cfrm [VUS*]","Pathogenic","0.000%(0.000%)","0 (0)",4,"4332_G_A"
4336,"MT-TQ","ADPD / Hearing Loss & Migraine / autism spectrum / intellectual disability","T4336C","tRNA Gln","+","+","Reported [B]","37.30%","0.858% (0.000%)","560 (0)",29,"4336_T_C"
4343,"MT-TQ","Poss. hypertension factor","A4343G","tRNA Gln","+","-","Reported","5.10%","0.084%(0.000%)","55 (0)",2,"4343_A_G"
4344,"MT-TQ","Developmental delay","T4344C","tRNA Gln","-","+","Reported","42.20%","0.000%(0.000%)","0 (0)",1,"4344_T_C"
4345,"MT-TQ","Poss. hypertension factor","C4345T","tRNA Gln","+","-","Reported","13.20%","0.009%(0.000%)","6 (0)",1,"4345_C_T"
4353,"MT-TQ","Poss. hypertension factor","T4353C","tRNA Gln","+","-","Reported","31.60%","0.058%(0.000%)","38 (0)",2,"4353_T_C"
4363,"MT-TQ","Metabolic syndrome and polycystic ovary syndrome / possibly associated w DEAF + RP + dev delay / hypertension / LHON","T4363C","tRNA Gln","+","-","Reported","9.50%","0.084%(0.000%)","55 (0)",8,"4363_T_C"
4369,"MT-TQ","Myopathy","A4369AA","tRNA Gln","-","+","Reported [VUS]","-","0.000%(0.000%)","0 (0)",3,"4369_A_AA"
4372,"MT-TQ","Suspected mito disease","C4372T","tRNA Gln","-","+","Reported [VUS]","71.30%","0.000%(0.000%)","0 (0)",2,"4372_C_T"
4373,"MT-TQ","Tic disorder / possibly LVNC-associated","T4373C","tRNA Gln","+","-","Reported","29.10%","0.017%(0.000%)","11 (0)",3,"4373_T_C"
4375,"MT-TQ","Matrilineal hypertension risk factor","C4375T","tRNA Gln","nr","nr","Reported","17.30%","0.015%(0.000%)","10 (0)",1,"4375_C_T"
4381,"MT-TQ","LHON","A4381G","tRNA Gln","+","-","Reported","15.30%","0.006%(0.000%)","4 (0)",3,"4381_A_G"
4386,"MT-TQ","Heart disease / myopathy / hypertension","T4386C","tRNA Gln","+","-","Conflicting reports","6.90%","0.300% (0.000%)","196 (0)",4,"4386_T_C"
4387,"MT-TQ","Poss. hypertension factor","C4387A","tRNA Gln","+","-","Reported","12.80%","0.003%(0.000%)","2 (0)",1,"4387_C_A"
4388,"MT-TQ","Poss. hypertension factor; intellectual disability","A4388G","tRNA Gln","+","-","Reported","0.10%","0.139%(0.000%)","91 (0)",3,"4388_A_G"
4392,"MT-TQ","Poss. hypertension factor","C4392T","tRNA Gln","+","-","Reported","15.70%","0.029%(0.000%)","19 (0)",1,"4392_C_T"
4395,"MT-TQ","Poss. hypertension factor","A4395G","tRNA Gln","+","-","Reported","0.20%","0.043%(0.000%)","28 (0)",3,"4395_A_G"
4401,"MT-NC2","Hypertension+Ventricular Hypertrophy","A4401G","NC2 Gln-Met spacer","+","-","Reported","N/A","0.014%(0.000%)","9 (0)",4,"4401_A_G"
4403,"MT-TM","Mitochondrial myopathy","G4403A","tRNA Met","-","+","Reported","84.80%","0.000%(0.000%)","0 (0)",1,"4403_G_A"
4409,"MT-TM","Mitochondrial myopathy","T4409C","tRNA Met","-","+","Reported [VUS]","46.50%","0.000%(0.000%)","0 (0)",6,"4409_T_C"
4410,"MT-TM","Poss. hypertension factor","C4410A","tRNA Met","+","-","Reported","32.90%","0.000%(0.000%)","0 (0)",1,"4410_C_A"
4412,"MT-TM","Seizures with myopathy & retinopathy","G4412A","tRNA Met","-","+","Reported","76.50%","0.000%(0.000%)","0 (0)",1,"4412_G_A"
4414,"MT-TM","Progressive external ophthalmoplegia and myopathy","T4414C","tRNA Met","-","+","Reported","86.40%","0.000%(0.000%)","0 (0)",1,"4414_T_C"
4415,"MT-TM","EXIT & APS2","A4415G","tRNA Met","-","+","Reported","44.10%","0.000%(0.000%)","0 (0)",1,"4415_A_G"
4435,"MT-TM","LHON / LHON modulator / hypertension; autism spectrum; intellectual disability / hearing loss","A4435G","tRNA Met","+","-","Reported","13.80%","0.093%(0.000%)","61 (0)",18,"4435_A_G"
4437,"MT-TM","Hypotonia, seizure, muscle weakness, lactic acidosis, hearing loss","C4437T","tRNA Met","+","-","Reported [VUS]","67.20%","0.000%(0.000%)","0 (0)",3,"4437_C_T"
4440,"MT-TM","Mitochondrial myopathy","G4440A","tRNA Met","-","+","Reported","58.20%","0.000%(0.000%)","0 (0)",5,"4440_G_A"
4450,"MT-TM","Myopathy / MELAS / Leigh Syndrome / EXIT","G4450A","tRNA Met","-","+","Cfrm [LP]","Pathogenic","0.000%(0.000%)","0 (0)",5,"4450_G_A"
4452,"MT-TM","Reported in tic disorder patient","T4452C","tRNA Met","nr","nr","Reported","7.20%","0.195%(0.000%)","127 (0)",1,"4452_T_C"
4454,"MT-TM","Possible contributor to mito dysfunction / hypertension / PCOS patient","T4454C","tRNA Met","+","-","Reported","0.80%","0.378%(0.000%)","247 (0)",5,"4454_T_C"
4456,"MT-TM","Poss. hypertension factor","C4456T","tRNA Met","-","+","Reported","32.00%","0.009%(0.000%)","6 (0)",2,"4456_C_T"
4467,"MT-TM","Maternally inherited hypertension","C4467A","tRNA Met","-","+","Reported","75.60%","0.000%(0.000%)","0 (0)",1,"4467_C_A"
5512,"MT-TW","Maternally inherited hypertension","A5512G","tRNA Trp","+","-","Reported","38.60%","0.009%(0.000%)","6 (0)",1,"5512_A_G"
5513,"MT-TW","Mitochondrial encephalomyopathy with RP","G5513A","tRNA Trp","-","+","Reported","32.60%","0.002%(0.000%)","1 (0)",1,"5513_G_A"
5514,"MT-TW","Neonatal onset mito disease","A5514G","tRNA Trp","+","-","Reported","19.70%","0.075%(0.000%)","49 (0)",3,"5514_A_G"
5521,"MT-TW","Mitochondrial myopathy","G5521A","tRNA Trp","-","+","Cfrm [LP]","Pathogenic","0.000%(0.000%)","0 (0)",8,"5521_G_A"
5522,"MT-TW","Mitochondrial myopathy","G5522A","tRNA Trp","-","+","Reported","83.00%","0.000%(0.000%)","0 (0)",2,"5522_G_A"
5523,"MT-TW","Leigh Syndrome","T5523G","tRNA Trp","-","+","Reported [VUS]","80.90%","0.000%(0.000%)","0 (0)",2,"5523_T_G"
5532,"MT-TW","Gastrointestinal Syndrome","G5532A","tRNA Trp","-","+","Reported [VUS]","19.40%","0.002%(0.000%)","1 (0)",4,"5532_G_A"
5537,"MT-TW","Leigh Syndrome","A5537insT","tRNA Trp","-","+","Cfrm [LP]","-","0.000%(0.000%)","0 (0)",7,"5537_A_AT"
5538,"MT-TW","Encephalomyopathy","G5538A","tRNA Trp","-","+","Reported [VUS]","76.70%","0.000%(0.000%)","0 (0)",4,"5538_G_A"
5540,"MT-TW","Encephalomyopathy / DEAF","G5540A","tRNA Trp","-","+","Reported [VUS]","73.70%","0.000%(0.000%)","0 (0)",4,"5540_G_A"
5541,"MT-TW","MELAS+stroke-like episodes and cortical blindness+MRI shows occipital lobe infarct","C5541T","tRNA Trp","-","+","Reported","84.30%","0.000%(0.000%)","0 (0)",5,"5541_C_T"
5543,"MT-TW","Mitochondrial myopathy","T5543C","tRNA Trp","-","+","Reported [VUS]","47.30%","0.000%(0.000%)","0 (0)",9,"5543_T_C"
5545,"MT-TW","HCM severe multisystem disorder","C5545T","tRNA Trp","-","+","Reported [VUS]","53.00%","0.000%(0.000%)","0 (0)",2,"5545_C_T"
5549,"MT-TW","DEMCHO / mitochondrial encephalomyopathy","G5549A","tRNA Trp","-","+","Reported [VUS]","83.30%","0.000%(0.000%)","0 (0)",2,"5549_G_A"
5556,"MT-TW","Combined OXPHOS defects","G5556A","tRNA Trp","-","+","Cfrm [LP]","Pathogenic","0.000%(0.000%)","0 (0)",3,"5556_G_A"
5556,"MT-TW","Mito encephalomyopathy","G5556C","tRNA Trp","-","+","Reported","44.50%","0.000%(0.000%)","0 (0)",1,"5556_G_C"
5558,"MT-TW","Reported in tic disorder patient / NSSNHL","A5558G","tRNA Trp","nr","nr","Reported [VUS]","31.70%","0.199%(0.000%)","130 (0)",2,"5558_A_G"
5559,"MT-TW","Leigh Syndrome","A5559G","tRNA Trp","-","+","Reported","70.10%","0.000%(0.000%)","0 (0)",3,"5559_A_G"
5567,"MT-TW","Myopathy","T5567C","tRNA Trp","-","+","Reported","32.70%","0.090%(0.000%)","59 (0)",3,"5567_T_C"
5568,"MT-TW","DEAF","A5568G","tRNA Trp","+","-","Reported","9.70%","0.026%(0.000%)","17 (0)",2,"5568_A_G"
5587,"MT-TA","LHON / possible DEAF modifier / MIDD / dilated cardiomyopathy / hypertension / tic disorder","T5587C","tRNA Ala","+","+","Reported","12.10%","0.060%(0.000%)","39 (0)",12,"5587_T_C"
5591,"MT-TA","Myopathy","G5591A","tRNA Ala","-","+","Reported [VUS+]","68.40%","0.000%(0.000%)","0 (0)",5,"5591_G_A"
5592,"MT-TA","Coronary Heart Disease","A5592G","tRNA Ala","+","-","Reported","0.40%","0.054%(0.000%)","35 (0)",2,"5592_A_G"
5595,"MT-TA","Reported in tic disorder patient","G5595A","tRNA Ala","nr","nr","Reported","64.60%","0.000%(0.000%)","0 (0)",1,"5595_G_A"
5601,"MT-TA","Possible helper mutation in maternally inherited hypertension and in LHON","C5601T","tRNA Ala","+","-","Reported","4.20%","0.994% (0.000%)","649 (0)",7,"5601_C_T"
5610,"MT-TA","Myopathy","G5610A","tRNA Ala","-","+","Reported [VUS]","38.70%","0.000%(0.000%)","0 (0)",1,"5610_G_A"
5613,"MT-TA","CPEO","T5613C","tRNA Ala","-","+","Reported","59.30%","0.000%(0.000%)","0 (0)",1,"5613_T_C"
5618,"MT-TA","Hearing loss patient","T5618C","tRNA Ala","nr","nr","Reported","28.30%","0.031%(0.000%)","20 (0)",3,"5618_T_C"
5628,"MT-TA","CPEO / DEAF enhancer / gout / tic disorder","T5628C","tRNA Ala","-","+","Reported","78.90%","0.210% (0.000%)","137 (0)",7,"5628_T_C"
5631,"MT-TA","Myopathy","G5631A","tRNA Ala","-","+","Reported [VUS]","43.40%","0.002%(0.000%)","1 (0)",2,"5631_G_A"
5636,"MT-TA","PEO","T5636C","tRNA Ala","-","+","Reported","73.50%","0.000%(0.000%)","0 (0)",1,"5636_T_C"
5641,"MT-TA","Hearing loss patient","T5641C","tRNA Ala","nr","nr","Reported","28.40%","0.014%(0.000%)","9 (0)",2,"5641_T_C"
5650,"MT-TA","Myopathy","G5650A","tRNA Ala","-","+","Cfrm [LP]","Pathogenic","0.002%(0.000%)","1 (0)",10,"5650_G_A"
5652,"MT-TA","Dilated Cardiomyopathy","C5652G","tRNA Ala","+","-","Reported","69.90%","0.000%(0.000%)","0 (0)",1,"5652_C_G"
5655,"MT-TA","DEAF enhancer / Hypertension risk","T5655C","tRNA Ala","+","-","Reported","26.70%","0.677% (0.000%)","442 (0)",10,"5655_T_C"
5658,"MT-TN","Mitochondrial myopathy","T5658C","tRNA Asn","-","+","Reported","94.30%","0.000%(0.000%)","0 (0)",1,"5658_T_C"
5667,"MT-TN","Ptosis / CPEO","G5667A","tRNA Asn","-","+","Reported [VUS]","44.60%","0.000%(0.000%)","0 (0)",2,"5667_G_A"
5669,"MT-TN","Sporadic CPEO","G5669A","tRNA Asn","-","+","Reported","88.50%","0.000%(0.000%)","0 (0)",1,"5669_G_A"
5670,"MT-TN","Progressive mitochondrial myopathy","A5670G","tRNA Asn","+","-","Reported","23.10%","0.002%(0.000%)","1 (0)",1,"5670_A_G"
5672,"MT-TN","EXIT+myalgia+CPEO with RRF","T5672C","tRNA Asn","-","+","Reported","20.80%","0.000%(0.000%)","0 (0)",2,"5672_T_C"
5690,"MT-TN","CPEO+ptosis+proximal myopathy","A5690G","tRNA Asn","-","+","Cfrm [LP]","Pathogenic","0.000%(0.000%)","0 (0)",3,"5690_A_G"
5692,"MT-TN","CPEO / MM","T5692C","tRNA Asn","-","+","Reported [VUS]","46.60%","0.002%(0.000%)","1 (0)",4,"5692_T_C"
5693,"MT-TN","Encephalomyopathy","T5693C","tRNA Asn","+","-","Reported","31.20%","0.000%(0.000%)","0 (0)",2,"5693_T_C"
5698,"MT-TN","CPEO / MM","G5698A","tRNA Asn","-","+","Reported","47.70%","0.002%(0.000%)","1 (0)",5,"5698_G_A"
5702,"MT-TN","Sporadic CPEO","A5702del","tRNA Asn","-","+","Reported","89.00%","0.000%(0.000%)","0 (0)",2,"5701_AA_A"
5702,"MT-TN","External ophthalmoplegia+ptosis","A5702G","tRNA Asn","-","+","Reported [VUS]","73.90%","0.000%(0.000%)","0 (0)",1,"5702_A_G"
5703,"MT-TN","CPEO / MM","G5703A","tRNA Asn","-","+","Cfrm [P]","Pathogenic","0.002%(0.000%)","1 (0)",12,"5703_G_A"
5708,"MT-TN","Mitochondrial myopathy","C5708T","tRNA Asn","+","+","Reported","28.30%","0.000%(0.000%)","0 (0)",1,"5708_C_T"
5709,"MT-TN","Ophthalmoparesis+respiratory impairment","T5709C","tRNA Asn","-","+","Reported","49.80%","0.000%(0.000%)","0 (0)",2,"5709_T_C"
5715,"MT-TN","Hearing loss patient","A5715G","tRNA Asn","nr","nr","Reported","12.50%","0.020%(0.000%)","13 (0)",1,"5715_A_G"
5728,"MT-TN","Multiorgan failure / myopathy / myasthenia gravis-like","T5728C","tRNA Asn","-","+","Cfrm [LP]","Pathogenic","0.000%(0.000%)","0 (0)",4,"5728_T_C"
5774,"MT-TC","Reported in tic disorder patient","T5774C","tRNA Cys","nr","nr","Reported","0.70%","0.104%(0.000%)","68 (0)",1,"5774_T_C"
5780,"MT-TC","SNHL","G5780A","tRNA Cys","-","+","Reported","35.50%","0.037%(0.000%)","24 (0)",2,"5780_G_A"
5783,"MT-TC","Myopathy / deafness / gout / tic disorder","G5783A","tRNA Cys","-","+","Reported","66.90%","0.075%(0.000%)","49 (0)",5,"5783_G_A"
5789,"MT-TC","Late-onset NARP","T5789C","tRNA Cys","-","+","Reported","77.30%","0.000%(0.000%)","0 (0)",1,"5789_T_C"
5794,"MT-TC","Hearing loss/ tic disorder","T5794C","tRNA Cys","nr","nr","Reported","16.00%","0.015%(0.000%)","10 (0)",6,"5794_T_C"
5802,"MT-TC","DEAF1555 increased penetrance / obesity risk","T5802C","tRNA Cys","+","-","Reported","58.90%","0.005%(0.000%)","3 (0)",8,"5802_T_C"
5809,"MT-TC","Hearing loss patient","G5809A","tRNA Cys","nr","nr","Reported","68.70%","0.002%(0.000%)","1 (0)",3,"5809_G_A"
5814,"MT-TC","Encephalopathy / gout","T5814C","tRNA Cys","-","+","Reported [LB]","38.80%","0.372% (0.000%)","243 (0)",12,"5814_T_C"
5816,"MT-TC","Progressive Dystonia","A5816G","tRNA Cys","+","-","Reported [VUS]","59.90%","0.000%(0.000%)","0 (0)",4,"5816_A_G"
5819,"MT-TC","Reported in tic disorder patient","T5819C","tRNA Cys","nr","nr","Reported","16.70%","0.000%(0.000%)","0 (0)",1,"5819_T_C"
5820,"MT-TC","MERRF","C5820A","tRNA Cys","+","-","Reported","68.10%","0.000%(0.000%)","0 (0)",1,"5820_C_A"
5821,"MT-TC","DEAF helper mut./ dilated cardiomyopathy","G5821A","tRNA Cys","+","-","Reported","20.90%","0.584% (0.000%)","381 (0)",7,"5821_G_A"
5822,"MT-TC","Hearing loss patient","G5822A","tRNA Cys","nr","nr","Reported","30.40%","0.011%(0.000%)","7 (0)",3,"5822_G_A"
5835,"MT-TY","Patient with proximal myopathy","G5835A","tRNA Tyr","nr","nr","Reported","54.70%","0.002%(0.000%)","1 (0)",4,"5835_G_A"
5843,"MT-TY","FSGS / Mitochondrial Cytopathy","A5843G","tRNA Tyr","+","-","Reported","8.40%","1.302% (0.000%)","850 (0)",2,"5843_A_G"
5874,"MT-TY","EXIT","T5874C","tRNA Tyr","-","+","Reported [VUS]","38.90%","0.000%(0.000%)","0 (0)",2,"5874_T_C"
5877,"MT-TY","CPEO","C5877T","tRNA Tyr","-","+","Reported [VUS]","24.80%","0.000%(0.000%)","0 (0)",1,"5877_C_T"
5888,"MT-TY","CPEO","T5888del","tRNA Tyr","-","+","Reported [VUS]","53.20%","0.000%(0.000%)","0 (0)",1,"5887_TT_T"
5889,"MT-TY","Multisystem mitochondrial disorder","A5889G","tRNA Tyr","-","+","Reported","66.10%","0.000%(0.000%)","0 (0)",2,"5889_A_G"
7445,"MT-TS1 precursor","DEAF","A7445C","tRNA Ser (UCN) precursor","+","-","Reported [VUS]","-","0.026%(0.000%)","17 (0)",12,"7445_A_C"
7445,"MT-TS1 precursor","SNHL","A7445G","tRNA Ser (UCN) precursor","+","+","Cfrm [P]","-","0.002%(0.000%)","1 (0)",45,"7445_A_G"
7445,"MT-TS1 precursor","SNHL","A7445T","tRNA Ser (UCN) precursor","+","-","Reported [VUS]","-","0.006%(0.000%)","4 (0)",1,"7445_A_T"
7451,"MT-TS1","CPEO+ptosis","A7451T","tRNA Ser (UCN) precursor","-","+","Reported","80.70%","0.000%(0.000%)","0 (0)",1,"7451_A_T"
7453,"MT-TS1","Fatal neonatal lactic acidosis / Neonatal lactic acidosis, exercise intolerance, mild ID","G7453A","tRNA Ser (UCN)","+","+","Cfrm [LP]","Pathogenic","0.000%(0.000%)","0 (0)",4,"7453_G_A"
7456,"MT-TS1","DEAF","A7456G","tRNA Ser (UCN)","+","-","Unclear","16.00%","0.055%(0.000%)","36 (0)",1,"7456_A_G"
7458,"MT-TS1","PEO","G7458A","tRNA Ser (UCN)","-","+","Reported","86.00%","0.000%(0.000%)","0 (0)",1,"7458_G_A"
7462,"MT-TS1","DEAF","C7462T","tRNA Ser (UCN)","+","-","Reported [VUS]","11.20%","0.009%(0.000%)","6 (0)",1,"7462_C_T"
7471,"MT-TS1","Maternally inherited hypertension / deafness","C7471del","tRNA Ser (UCN)","nr","nr","Reported [VUS](=7466d)","4.30%","0.046%(0.000%)","30 (0)",3,"7470_CC_C"
7471,"MT-TS1","PEM / AMDF / Motor neuron disease-like","C7471CC","tRNA Ser (UCN)","+","+","Cfrm [P]","-","0.011%(0.000%)","7 (0)",34,"7471_C_CC"
7472,"MT-TS1","MM / DMDF modulator","A7472C","tRNA Ser (UCN)","+","+","Reported","3.20%","0.017%(0.000%)","11 (0)",4,"7472_A_C"
7472,"MT-TS1","PEM / AMDF / Motor neuron disease-like","A7472CA","tRNA Ser (UCN)","+","+","See 7471insC","-","0.000%(0.000%)","0 (0)",1,"7472_A_CA"
7474,"MT-TS1","Hearing loss and epilepsy","A7474del","tRNA Ser (UCN)","nr","nr","Reported (=7474d)","34.80%","0.006%(0.000%)","4 (0)",1,"7473_AA_A"
7474,"MT-TS1","Hearing loss patient","A7474G","tRNA Ser (UCN)","nr","nr","Reported","0.00%","0.008%(0.000%)","5 (0)",1,"7474_A_G"
7480,"MT-TS1","MM","T7480G","tRNA Ser (UCN)","-","+","Reported","46.60%","0.000%(0.000%)","0 (0)",3,"7480_T_G"
7484,"MT-TS1","MERRF","A7484G","tRNA Ser (UCN)","+","-","Reported","53.20%","0.000%(0.000%)","0 (0)",1,"7484_A_G"
7486,"MT-TS1","CPEO","G7486A","tRNA Ser (UCN)","-","+","Reported","50.50%","0.000%(0.000%)","0 (0)",1,"7486_G_A"
7492,"MT-TS1","Hypertension / hearing loss risk factor","C7492T","tRNA Ser (UCN)","+","-","Reported","0.10%","0.018%(0.000%)","12 (0)",2,"7492_C_T"
7496,"MT-TS1","Hearing Loss","T7496C","tRNA Ser (UCN)","nr","nr","Reported","58.30%","0.005%(0.000%)","3 (0)",2,"7496_T_C"
7497,"MT-TS1","MM / EXIT","G7497A","tRNA Ser (UCN)","+","+","Cfrm [LP]","Pathogenic","0.002%(0.000%)","1 (0)",8,"7497_G_A"
7501,"MT-TS1","Cardiovascular disease; renal disease patient","T7501A","tRNA Ser (UCN)","nr","nr","Reported","1.90%","0.002%(0.000%)","1 (0)",3,"7501_T_A"
7502,"MT-TS1","Reported in tic disorder patient","C7502T","tRNA Ser (UCN)","nr","nr","Reported [VUS]","8.20%","0.006%(0.000%)","4 (0)",1,"7502_C_T"
7505,"MT-TS1","Maternally inherited hearing loss","T7505C","tRNA Ser (UCN)","+","-","Reported [VUS]","58.60%","0.000%(0.000%)","0 (0)",6,"7505_T_C"
7506,"MT-TS1","PEO with hearing loss","G7506A","tRNA Ser (UCN)","-","+","Reported","81.40%","0.000%(0.000%)","0 (0)",1,"7506_G_A"
7510,"MT-TS1","SNHL","T7510C","tRNA Ser (UCN)","-","+","Cfrm [LP]","Pathogenic","0.002%(0.000%)","1 (0)",14,"7510_T_C"
7511,"MT-TS1","SNHL/Deafness","T7511C","tRNA Ser (UCN)","+","+","Cfrm [LP]","Pathogenic","0.003%(0.000%)","2 (0)",24,"7511_T_C"
7512,"MT-TS1","PEM / MERME  / MELAS","T7512C","tRNA Ser (UCN)","+","+","Cfrm [LP]","Pathogenic","0.000%(0.000%)","0 (0)",13,"7512_T_C"
7519,"MT-TD","Deafness-associated","A7519del","tRNA Asp","nr","nr","Reported","36.90%","0.008%(0.000%)","5 (0)",2,"7518_AA_A"
7520,"MT-TD","Sporadic bilateral optic neuropathy","G7520A","tRNA Asp","nr","nr","Reported","54.90%","0.000%(0.000%)","0 (0)",2,"7520_G_A"
7526,"MT-TD","Mitochondrial myopathy","A7526G","tRNA Asp","-","+","Reported [VUS]","50.40%","0.000%(0.000%)","0 (0)",1,"7526_A_G"
7530,"MT-TD","Suspected mitochondrial disease","A7530G","tRNA Asp","-","+","Reported","86.40%","0.000%(0.000%)","0 (0)",1,"7530_A_G"
7539,"MT-TD","Multisystemic mitochondrial disorder","C7539T","tRNA Asp","-","+","Reported","93.70%","0.000%(0.000%)","0 (0)",2,"7539_C_T"
7543,"MT-TD","MEPR","A7543G","tRNA Asp","-","+","Reported","67.30%","0.083%(0.000%)","54 (0)",3,"7543_A_G"
7551,"MT-TD","DEAF increased penetrance (1555G helper)","A7551G","tRNA Asp","+","-","Reported","28.90%","0.003%(0.000%)","2 (0)",5,"7551_A_G"
7554,"MT-TD","Myopathy+ataxia+nystagmus+migraines+lactic acidosis","G7554A","tRNA Asp","-","+","Reported","71.20%","0.000%(0.000%)","0 (0)",2,"7554_G_A"
7560,"MT-TD","Focal segmental glomerulosclerosis (FSGS) with cortical blindness + pancreatitis","T7560C","tRNA Asp","-","+","Reported","46.90%","0.000%(0.000%)","0 (0)",1,"7560_T_C"
7566,"MT-TD","Unspecified patient from clinical lab","G7566A","tRNA Asp","nr","nr","Reported [VUS]","65.60%","0.000%(0.000%)","0 (0)",1,"7566_G_A"
8296,"MT-TK","DMDF / MERRF / HCM / epilepsy / hearing loss","A8296G","tRNA Lys","+","+","Reported [VUS]","72.30%","0.058%(0.000%)","38 (0)",23,"8296_A_G"
8299,"MT-TK","PEO + respiratory impairment","G8299A","tRNA Lys","-","+","Reported [VUS]","63.80%","0.000%(0.000%)","0 (0)",2,"8299_G_A"
8302,"MT-TK","Encephalopathy","A8302T","tRNA Lys","+","-","Unclear","15.20%","0.000%(0.000%)","0 (0)",1,"8302_A_T"
8304,"MT-TK","Epilepsy+ataxia+visual disturbance+deafness","G8304A","tRNA Lys","-","+","Reported","89.70%","0.000%(0.000%)","0 (0)",1,"8304_G_A"
8305,"MT-TK","Mitochondrial myopathy","C8305T","tRNA Lys","-","+","Reported","74.50%","0.000%(0.000%)","0 (0)",4,"8305_C_T"
8306,"MT-TK","Severe adult-onset multisymptom myopathy / Myoclonic epilepsy","T8306C","tRNA Lys","-","+","Cfrm [VUS*]","Pathogenic","0.000%(0.000%)","0 (0)",3,"8306_T_C"
8311,"MT-TK","Poss. hypertension factor","T8311C","tRNA Lys","+","-","Reported","6.80%","0.116%(0.000%)","76 (0)",2,"8311_T_C"
8313,"MT-TK","MNGIE-like / Progressive mito cytopathy","G8313A","tRNA Lys","-","+","Cfrm [LP]","Pathogenic","0.002%(0.000%)","1 (0)",10,"8313_G_A"
8315,"MT-TK","MERRF","A8315C","tRNA Lys","-","+","Reported","22.00%","0.000%(0.000%)","0 (0)",1,"8315_A_C"
8316,"MT-TK","MELAS","T8316C","tRNA Lys","-","+","Reported","80.20%","0.000%(0.000%)","0 (0)",3,"8316_T_C"
8319,"MT-TK","Kearns-Sayre syndrome","A8319G","tRNA Lys","-","+","Reported [VUS]","69.60%","0.000%(0.000%)","0 (0)",2,"8319_A_G"
8326,"MT-TK","Mitochondrial Cytopathy","A8326G","tRNA Lys","-","+","Reported","46.20%","0.000%(0.000%)","0 (0)",3,"8326_A_G"
8328,"MT-TK","Encephalopathy / EXIT with myopathy and ptosis; multi-symptom pt","G8328A","tRNA Lys","-","+","Reported","83.30%","0.000%(0.000%)","0 (0)",7,"8328_G_A"
8332,"MT-TK","Dystonia and stroke-like episodes","A8332G","tRNA Lys","+","-","Reported","62.80%","0.000%(0.000%)","0 (0)",1,"8332_A_G"
8337,"MT-TK","Poss. hypertension factor","T8337C","tRNA Lys","+","-","Reported","6.80%","0.268% (0.000%)","175 (0)",2,"8337_T_C"
8339,"MT-TK","Hearing loss patient","A8339G","tRNA Lys","nr","nr","Reported","47.60%","0.002%(0.000%)","1 (0)",2,"8339_A_G"
8340,"MT-TK","Myopathy, Exercise Intolerance, CPEO-like /childhood epilepsy with SNHL & eye disease","G8340A","tRNA Lys","-","+","Cfrm [LP]","Pathogenic","0.000%(0.000%)","0 (0)",12,"8340_G_A"
8342,"MT-TK","PEO and Myoclonus","G8342A","tRNA Lys","-","+","Reported [VUS]","77.20%","0.000%(0.000%)","0 (0)",5,"8342_G_A"
8343,"MT-TK","Metabolic syndrome and polycystic ovary syndrome / possible PD risk factor / deafness","A8343G","tRNA Lys","+","-","Reported","4.70%","0.104%(0.000%)","68 (0)",9,"8343_A_G"
8344,"MT-TK","MERRF; Other - LD / depressive mood disorder / leukoencephalopathy / HiCM / lipomas","A8344G","tRNA Lys","-","+","Cfrm [P]","Pathogenic","0.006%(0.000%)","4 (0)",158,"8344_A_G"
8346,"MT-TK","Rett Syndrome","C8346del","tRNA Lys","nr","nr","Reported","3.00%","0.011%(0.000%)","7 (0)",1,"8345_CC_C"
8347,"MT-TK","Poss. hypertension factor","A8347G","tRNA Lys","+","-","Reported","2.60%","0.034%(0.000%)","22 (0)",3,"8347_A_G"
8348,"MT-TK","Cardiomyopathy / SNHL / poss. hypertension factor","A8348G","tRNA Lys","+","+","Reported","33.80%","0.227%(0.000%)","148 (0)",9,"8348_A_G"
8355,"MT-TK","Myopathy","T8355C","tRNA Lys","-","+","Reported","67.20%","0.000%(0.000%)","0 (0)",2,"8355_T_C"
8356,"MT-TK","MERRF","T8356C","tRNA Lys","-","+","Cfrm [LP]","Pathogenic","0.000%(0.000%)","0 (0)",12,"8356_T_C"
8357,"MT-TK","Multiple symmetric lipomatosis / multiorgan disease","T8357C","tRNA Lys","-","+","Reported","59.10%","0.002%(0.000%)","1 (0)",2,"8357_T_C"
8361,"MT-TK","MERRF","G8361A","tRNA Lys","-","+","Reported [VUS]","64.80%","0.000%(0.000%)","0 (0)",3,"8361_G_A"
8362,"MT-TK","Myopathy / ataxia deafness diabetes mellitus","T8362G","tRNA Lys","-","+","Reported [VUS]","93.00%","0.000%(0.000%)","0 (0)",6,"8362_T_G"
8363,"MT-TK","MICM+DEAF / MERRF / Autism / Leigh Syndrome / Ataxia / Lipomatosis","G8363A","tRNA Lys","-","+","Cfrm [LP]","Pathogenic","0.000%(0.000%)","0 (0)",24,"8363_G_A"
9997,"MT-TG","Unspecified patient from clinical lab","T9997A","tRNA Gly","nr","nr","Reported [VUS]","95.20%","0.000%(0.000%)","0 (0)",1,"9997_T_A"
9997,"MT-TG","MHCM","T9997C","tRNA Gly","-","+","Reported [VUS]","80.30%","0.002%(0.000%)","1 (0)",5,"9997_T_C"
9998,"MT-TG","Suspected mitochondrial disease","T9998C","tRNA Gly","-","+","Reported","40.10%","0.000%(0.000%)","0 (0)",1,"9998_T_C"
10000,"MT-TG","Multisystem mitochondrial disorder","G10000A","tRNA Gly","-","+","Reported","91.70%","0.003%(0.000%)","2 (0)",1,"10000_G_A"
10003,"MT-TG","Hypertension / maternally inherited diabetes / hearing loss","T10003C","tRNA Gly","+","-","Reported","0.40%","0.018%(0.000%)","12 (0)",5,"10003_T_C"
10005,"MT-TG","Hearing loss patient","A10005G","tRNA Gly","nr","nr","Reported","9.00%","0.035%(0.000%)","23 (0)",3,"10005_A_G"
10006,"MT-TG","CIPO / Encephalopathy","A10006G","tRNA Gly","+","-","Unclear","19.30%","0.028%(0.000%)","18 (0)",5,"10006_A_G"
10010,"MT-TG","PEM","T10010C","tRNA Gly","-","+","Cfrm [VUS*]","Pathogenic","0.000%(0.000%)","0 (0)",11,"10010_T_C"
10014,"MT-TG","Myopathy","G10014A","tRNA Gly","+","-","Unclear","60.90%","0.000%(0.000%)","0 (0)",2,"10014_G_A"
10019,"MT-TG","Hearing loss patient","C10019T","tRNA Gly","nr","nr","Reported","50.50%","0.000%(0.000%)","0 (0)",2,"10019_C_T"
10044,"MT-TG","SIDS","A10044G","tRNA Gly","-","+","Unclear","34.70%","0.294%(0.000%)","192 (0)",9,"10044_A_G"
10055,"MT-TG","Tic disorder patient / hearing loss patient","A10055G","tRNA Gly","nr","nr","Reported","29.70%","0.018%(0.000%)","12 (0)",5,"10055_A_G"
10057,"MT-TG","Hearing loss patient","T10057C","tRNA Gly","nr","nr","Reported","38.40%","0.009%(0.000%)","6 (0)",2,"10057_T_C"
10406,"MT-TR","Mitochondrial myopathy","G10406A","tRNA Arg","-","+","Reported [VUS]","72.30%","0.000%(0.000%)","0 (0)",3,"10406_G_A"
10408,"MT-TR","Unspecified patient from clinical lab","T10408C","tRNA Arg","nr","nr","Reported [VUS]","64.30%","0.000%(0.000%)","0 (0)",1,"10408_T_C"
10410,"MT-TR","Possible maternally inherited hypertension risk factor","T10410C","tRNA Arg","+","-","Reported","4.30%","0.447% (0.000%)","292 (0)",1,"10410_T_C"
10411,"MT-TR","Dilated Cardiomyopathy","A10411T","tRNA Arg","+","-","Reported","26.40%","0.000%(0.000%)","0 (0)",1,"10411_A_T"
10415,"MT-TR","Dilated Cardiomyopathy","T10415C","tRNA Arg","+","-","Reported","76.50%","0.000%(0.000%)","0 (0)",1,"10415_T_C"
10437,"MT-TR","Mitochondrial myopathy","G10437A","tRNA Arg","-","+","Reported","51.70%","0.000%(0.000%)","0 (0)",1,"10437_G_A"
10438,"MT-TR","Progressive Encephalopathy","A10438G","tRNA Arg","-","+","Reported [VUS]","46.20%","0.000%(0.000%)","0 (0)",1,"10438_A_G"
10438,"MT-TR","Non-dystrophic myopathy","A10438T","tRNA Arg","-","+","Reported","46.20%","0.000%(0.000%)","0 (0)",1,"10438_A_T"
10450,"MT-TR","Combined OXPHOS defects & severe multisystem disorder","A10450G","tRNA Arg","-","+","Reported [VUS]","69.60%","0.000%(0.000%)","0 (0)",1,"10450_A_G"
10454,"MT-TR","Possible deafness or maternally inherited hypertension risk factor","T10454C","tRNA Arg","+","-","Reported","4.80%","0.375% (0.000%)","245 (0)",6,"10454_T_C"
10460,"MT-TR","Unspecified patient from clinical lab","T10460C","tRNA Arg","nr","nr","Reported [VUS]","72.00%","0.000%(0.000%)","0 (0)",1,"10460_T_C"
12141,"MT-TH","Reported in tic disorder patient","A12141G","tRNA His","nr","nr","Reported","22.80%","0.014%(0.000%)","9 (0)",1,"12141_A_G"
12146,"MT-TH","MELAS","A12146G","tRNA His","+","+","Reported","61.60%","0.000%(0.000%)","0 (0)",1,"12146_A_G"
12147,"MT-TH","MERRF-MELAS / Encephalopathy","G12147A","tRNA His","-","+","Cfrm [LP]","Pathogenic","0.000%(0.000%)","0 (0)",6,"12147_G_A"
12148,"MT-TH","Developmental delay, optic atrophy, cataract, hearing loss, myopathy","T12148C","tRNA His","-","+","Reported [VUS]","74.70%","0.002%(0.000%)","1 (0)",3,"12148_T_C"
12158,"MT-TH","MELAS","A12158G","tRNA His","-","+","Reported","77.60%","0.000%(0.000%)","0 (0)",2,"12158_A_G"
12167,"MT-TH","Hearing loss patient","T12167C","tRNA His","nr","nr","Reported","24.60%","0.003%(0.000%)","2 (0)",2,"12167_T_C"
12182,"MT-TH","Sclerosis-like symptoms + white matter alterations","A12182G","tRNA His","+","-","Author considered as VUS","46.40%","0.003%(0.000%)","2 (0)",1,"12182_A_G"
12183,"MT-TH","RP + DEAF","G12183A","tRNA His","-","+","Reported [VUS]","70.30%","0.002%(0.000%)","1 (0)",3,"12183_G_A"
12187,"MT-TH","Asthenozoospermia","C12187A","tRNA His","+","-","Reported","15.40%","0.000%(0.000%)","0 (0)",1,"12187_C_A"
12188,"MT-TH","Hearing loss patient","T12188C","tRNA His","nr","nr","Reported","6.10%","0.064%(0.000%)","42 (0)",3,"12188_T_C"
12192,"MT-TH","MICM / possible G15927A deafness modulator","G12192A","tRNA His","+","-","Reported","4.50%","0.221% (0.000%)","144 (0)",5,"12192_G_A"
12197,"MT-TH","Congenital sideroblastic anemia (CSA) +SNHL +motor delay","C12197T","tRNA His","+","+","Reported","64.40%","0.000%(0.000%)","0 (0)",1,"12197_C_T"
12198,"MT-TH","Congenital sideroblastic anemia (CSA)","T12198C","tRNA His","-","+","Reported","88.60%","0.000%(0.000%)","0 (0)",1,"12198_T_C"
12201,"MT-TH","Maternally inherited non-syndromic deafness","T12201C","tRNA His","-","+","Cfrm [LP]","Pathogenic","0.002%(0.000%)","1 (0)",10,"12201_T_C"
12206,"MT-TH","MELAS-like  encephalopathy+bilateral optic atrophy","C12206T","tRNA His","-","+","Reported","44.20%","0.000%(0.000%)","0 (0)",1,"12206_C_T"
12207,"MT-TS2","Myopathy / Encephalopathy","G12207A","tRNA Ser (AGY)","-","+","Reported [VUS]","76.40%","0.000%(0.000%)","0 (0)",4,"12207_G_A"
12224,"MT-TS2","DEAF helper mutation","C12224T","tRNA Ser (AGY)","+","-","Reported","30.40%","0.006%(0.000%)","4 (0)",2,"12224_C_T"
12235,"MT-TS2","Hearing loss patient","T12235C","tRNA Ser (AGY)","nr","nr","Reported","27.50%","0.354%(0.000%)","231 (0)",2,"12235_T_C"
12236,"MT-TS2","DEAF / PCOS patient","G12236A","tRNA Ser (AGY)","+","-","Reported","2.20%","0.757% (0.000%)","494 (0)",6,"12236_G_A"
12244,"MT-TS2","MELAS","G12244A","tRNA Ser (AGY)","-","+","Reported","53.10%","0.000%(0.000%)","0 (0)",2,"12244_G_A"
12246,"MT-TS2","CIPO","C12246A","tRNA Ser (AGY)","nr","nr","Reported","3.20%","0.006%(0.000%)","4 (0)",2,"12246_C_A"
12258,"MT-TS2","DMDF / RP+SNHL","C12258A","tRNA Ser (AGY)","-","+","Cfrm [LP]","Pathogenic","0.002%(0.000%)","1 (0)",9,"12258_C_A"
12258,"MT-TS2","Unspecified patient from clinical lab","C12258T","tRNA Ser (AGY)","nr","nr","Reported [VUS]","81.50%","0.000%(0.000%)","0 (0)",1,"12258_C_T"
12261,"MT-TS2","Myopathy+epilepsy+retinal degeneration+DEAF","T12261C","tRNA Ser (AGY)","-","+","Reported","65.30%","0.000%(0.000%)","0 (0)",1,"12261_T_C"
12262,"MT-TS2","Progressive MM+Deafness+Seizures","C12262A","tRNA Ser (AGY)","-","+","Reported","84.50%","0.000%(0.000%)","0 (0)",2,"12262_C_A"
12264,"MT-TS2","Multisystem Disease with Cataracts / Myopathy+epilepsy+DEAF+atypical autism","C12264T","tRNA Ser (AGY)","+","+","Reported [VUS]","79.30%","0.000%(0.000%)","0 (0)",4,"12264_C_T"
12265,"MT-TS2","Dilated cardiomyopathy","A12265G","tRNA Ser (AGY)","+","-","Reported","18.00%","0.003%(0.000%)","2 (0)",1,"12265_A_G"
12271,"MT-TS2","Unspecified mitochondrial disease","T12271C","tRNA Ser (AGY)","nr","nr","Reported [VUS]","69.70%","0.000%(0.000%)","0 (0)",1,"12271_T_C"
12276,"MT-TL2","CPEO","G12276A","tRNA Leu (CUN)","-","+","Cfrm [LP]","Pathogenic","0.002%(0.000%)","1 (0)",4,"12276_G_A"
12278,"MT-TL2","MODY diabetes mellitus","T12278C","tRNA Leu (CUN)","-","+","Reported","86.40%","0.002%(0.000%)","1 (0)",4,"12278_T_C"
12279,"MT-TL2","Reported in tic disorder patient","A12279G","tRNA Leu (CUN)","nr","nr","Reported","5.90%","0.401% (0.000%)","262 (0)",1,"12279_A_G"
12280,"MT-TL2","Hypertension","A12280G","tRNA Leu (CUN)","+","-","Reported","6.50%","0.164%(0.000%)","107 (0)",2,"12280_A_G"
12283,"MT-TL2","CPEO","G12283A","tRNA Leu (CUN)","-","+","Reported [VUS]","43.20%","0.002%(0.000%)","1 (0)",2,"12283_G_A"
12293,"MT-TL2","Axial mitochondrial myopathy / EXIT+myalgia+ptosis","G12293A","tRNA Leu (CUN)","-","+","Reported","66.90%","0.000%(0.000%)","0 (0)",3,"12293_G_A"
12294,"MT-TL2","CPEO / EXIT+Ophthalmoplegia","G12294A","tRNA Leu (CUN)","-","+","Cfrm [VUS*]","Pathogenic","0.000%(0.000%)","0 (0)",2,"12294_G_A"
12297,"MT-TL2","Dilated Cardiomyopathy / Leigh Syndrome / Failure to Thrive & LA","T12297C","tRNA Leu (CUN)","+","+","Reported","47.30%","0.077%(0.000%)","50 (0)",6,"12297_T_C"
12299,"MT-TL2","MELAS","A12299C","tRNA Leu (CUN)","-","+","Reported","53.00%","0.000%(0.000%)","0 (0)",1,"12299_A_C"
12300,"MT-TL2","3243 suppressor mutant","G12300A","tRNA Leu (CUN)","-","+","Reported","51.70%","0.000%(0.000%)","0 (0)",7,"12300_G_A"
12308,"MT-TL2","CPEO / Stroke / CM / Breast & Renal & Prostate Cancer Risk / Altered brain pH /sCJD","A12308G","tRNA Leu (CUN)","+","+","Reported [B] in hg K,U","42.00%","12.478% (0.000%)","8143 (0)",20,"12308_A_G"
12311,"MT-TL2","CPEO","T12311C","tRNA Leu (CUN)","+","+","Reported","34.40%","0.120%(0.000%)","78 (0)",4,"12311_T_C"
12313,"MT-TL2","FSHD","T12313C","tRNA Leu (CUN)","-","+","Reported","73.20%","0.000%(0.000%)","0 (0)",1,"12313_T_C"
12315,"MT-TL2","CPEO / KSS / possible carotid atherosclerosis risk, trend toward myocardial infarction risk","G12315A","tRNA Leu (CUN)","-","+","Cfrm [LP]","Pathogenic","0.000%(0.000%)","0 (0)",15,"12315_G_A"
12316,"MT-TL2","CPEO / mitochondrial myopathy","G12316A","tRNA Leu (CUN)","-","+","Cfrm [VUS*]","Pathogenic","0.000%(0.000%)","0 (0)",3,"12316_G_A"
12317,"MT-TL2","CPEO+ptosis+myopathy+exercise intolerance+diabetes","T12317C","tRNA Leu (CUN)","-","+","Reported","41.30%","0.002%(0.000%)","1 (0)",1,"12317_T_C"
12320,"MT-TL2","MM","A12320G","tRNA Leu (CUN)","-","+","Reported [VUS]","37.30%","0.000%(0.000%)","0 (0)",7,"12320_A_G"
12325,"MT-TL2","Hearing loss patient","C12325:","tRNA Leu (CUN)","nr","nr","Reported [VUS]","91.50%","0.000%(0.000%)","0 (0)",1,"12324_CC_C"
12334,"MT-TL2","CPEO","G12334A","tRNA Leu (CUN)","-","+","Reported","63.40%","0.000%(0.000%)","0 (0)",1,"12334_G_A"
12335,"MT-TL2","Unspecified patient from clinical lab","T12335C","tRNA Leu (CUN)","nr","nr","Reported","60.20%","0.000%(0.000%)","0 (0)",1,"12335_T_C"
14674,"MT-TE","Reversible COX deficiency myopathy","T14674C","tRNA Glu","+","-","Cfrm [LP]","Pathogenic","0.015%(0.000%)","10 (0)",16,"14674_T_C"
14674,"MT-TE","Reversible COX deficiency myopathy","T14674G","tRNA Glu","+","-","Reported [VUS]","29.40%","0.000%(0.000%)","0 (0)",3,"14674_T_G"
14677,"MT-TE","CPEO","T14677C","tRNA Glu","-","+","Reported","73.10%","0.000%(0.000%)","0 (0)",1,"14677_T_C"
14680,"MT-TE","Mitochondrial encephalomyopathy","C14680A","tRNA Glu","-","+","Reported","35.50%","0.000%(0.000%)","0 (0)",1,"14680_C_A"
14685,"MT-TE","Cataracts w spastic paraparesis & ataxia","G14685A","tRNA Glu","-","+","Reported","77.40%","0.000%(0.000%)","0 (0)",1,"14685_G_A"
14687,"MT-TE","Mito myopathy w respiratory failure; intellectual disability","A14687G","tRNA Glu","+","-","Reported","7.00%","0.602% (0.000%)","393 (0)",5,"14687_A_G"
14692,"MT-TE","LHON helper / Maternally inherited diabetes & deafness /tic disorder","A14692G","tRNA Glu","+","-","Reported [VUS]","2.40%","0.038%(0.000%)","25 (0)",6,"14692_A_G"
14693,"MT-TE","MELAS / LHON / DEAF / hypertension helper","A14693G","tRNA Glu","+","+","Reported","39.50%","0.544% (0.000%)","355 (0)",19,"14693_A_G"
14696,"MT-TE","Progressive Encephalopathy","A14696G","tRNA Glu","-","+","Reported","22.00%","0.169%(0.000%)","110 (0)",2,"14696_A_G"
14701,"MT-TE","Reversible infantile respiratory chain deficiency (RIRCD)","C14701T","tRNA Glu","+","-","Reported","20.60%","0.000%(0.000%)","0 (0)",1,"14701_C_T"
14709,"MT-TE","MM+DMDF / Encephalomyopathy / Dementia+diabetes+ophthalmoplegia","T14709C","tRNA Glu","+","+","Cfrm [LP]","Pathogenic","0.002%(0.000%)","1 (0)",28,"14709_T_C"
14710,"MT-TE","Encephalomyopathy + Retinopathy","G14710A","tRNA Glu","-","+","Cfrm [VUS*]","Pathogenic","0.000%(0.000%)","0 (0)",6,"14710_G_A"
14721,"MT-TE","Isolated complex I deficiency","G14721A","tRNA Glu","-","+","Reported","82.90%","0.000%(0.000%)","0 (0)",1,"14721_G_A"
14723,"MT-TE","CPEO + Myopathy","T14723C","tRNA Glu","-","+","Reported","73.50%","0.000%(0.000%)","0 (0)",2,"14723_T_C"
14724,"MT-TE","Mito Leukoencephalopathy","G14724A","tRNA Glu","-","+","Reported [VUS]","88.80%","0.000%(0.000%)","0 (0)",3,"14724_G_A"
14728,"MT-TE","Late-onset mitochondrial encephalomyopathy","T14728C","tRNA Glu","-","+","Reported","48.50%","0.000%(0.000%)","0 (0)",1,"14728_T_C"
14739,"MT-TE","EXIT","G14739A","tRNA Glu","-","+","Reported [VUS]","62.10%","0.006%(0.000%)","4 (0)",5,"14739_G_A"
15894,"MT-TT","Gout","G15894A","tRNA Thr","+","-","Reported","28.20%","0.064%(0.000%)","42 (0)",2,"15894_G_A"
15897,"MT-TT","Maternally inherited diabetes (MID)","G15897A","tRNA Thr","+","-","Reported","81.90%","0.000%(0.000%)","0 (0)",2,"15897_G_A"
15901,"MT-TT","Hearing loss patient","A15901G","tRNA Thr","nr","nr","Reported","15.90%","0.017%(0.000%)","11 (0)",1,"15901_A_G"
15902,"MT-TT","Hearing loss patient","A15902G","tRNA Thr","nr","nr","Reported","7.40%","0.015%(0.000%)","10 (0)",1,"15902_A_G"
15904,"MT-TT","Protective factor for stroke risk (hg V)","C15904T","tRNA Thr","nr","nr","Reported","1.70%","1.569% (0.000%)","1024 (0)",1,"15904_C_T"
15908,"MT-TT","DEAF helper mutation","T15908C","tRNA Thr","+","-","Reported","28.00%","0.424% (0.000%)","277 (0)",4,"15908_T_C"
15909,"MT-TT","Hypertension","A15909G","tRNA Thr","+","-","Reported","25.90%","0.009%(0.000%)","6 (0)",3,"15909_A_G"
15910,"MT-TT","Tic disorder patient / hearing loss patient / coronary heart disease","C15910T","tRNA Thr","+","-","Reported","25.20%","0.052%(0.000%)","34 (0)",3,"15910_C_T"
15915,"MT-TT","Encephalomyopathy","G15915A","tRNA Thr","-","+","Reported [VUS]","73.70%","0.002%(0.000%)","1 (0)",4,"15915_G_A"
15923,"MT-TT","LIMM / MERRF / mito disease","A15923G","tRNA Thr","+","+","Cfrm [LP]","Pathogenic","0.000%(0.000%)","0 (0)",5,"15923_A_G"
15924,"MT-TT","LIMM / PCOS patients","A15924G","tRNA Thr","nr","nr","Reported","22.70%","3.515% (0.000%)","2294 (0)",9,"15924_A_G"
15926,"MT-TT","Hearing loss patient","C15926T","tRNA Thr","nr","nr","Reported","0.60%","0.014%(0.000%)","9 (0)",2,"15926_C_T"
15927,"MT-TT","LHON / Multiple Sclerosis / DEAF1555 increased penetrance / CHD","G15927A","tRNA Thr","+","-","Reported","16.20%","0.964% (0.000%)","629 (0)",21,"15927_G_A"
15928,"MT-TT","Multiple Sclerosis / idiopathic repeat miscarriage / AD protection","G15928A","tRNA Thr","+","+","Reported","20.20%","5.066% (0.000%)","3306 (0)",8,"15928_G_A"
15930,"MT-TT","Possible DEAF risk factor / PCOS patients","G15930A","tRNA Thr","+","-","Reported","3.20%","2.093% (0.000%)","1366 (0)",2,"15930_G_A"
15933,"MT-TT","Suspected mito disease","G15933A","tRNA Thr","+","-","Reported","66.80%","0.000%(0.000%)","0 (0)",1,"15933_G_A"
15942,"MT-TT","Possibly LVNC-associated","T15942C","tRNA Thr","+","-","Reported","28.60%","0.694%(0.000%)","453 (0)",2,"15942_T_C"
15944,"MT-TT","MM","T15944:","tRNA Thr","+","-","Conflicting reports","19.90%","1.437%(0.000%)","938 (0)",3,"15943_TT_T"
15948,"MT-TT","Reported in tic disorder patient","A15948G","tRNA Thr","nr","nr","Reported","29.90%","0.012%(0.000%)","8 (0)",1,"15948_A_G"
15950,"MT-TT","LHON / LHON-MS / dopaminergic nerve cell death (PD) / tic disorder","G15950A","tRNA Thr","+","+","Reported","54.50%","0.006%(0.000%)","4 (0)",4,"15950_G_A"
15951,"MT-TT","LHON / LHON modulator","A15951G","tRNA Thr","+","-","Conflicting reports","23.70%","0.650% (0.000%)","424 (0)",10,"15951_A_G"
15952,"MT-TT","Reported in tic disorder patient","C15952T","tRNA Thr","nr","nr","Reported","39.40%","0.009%(0.000%)","6 (0)",1,"15952_C_T"
15954,"MT-NC10","Maternally inherited DM2","A15954G","NC10","+","+","Reported","N/A","0.139%(0.000%)","91 (0)",1,"15954_A_G"
15958,"MT-TP","Severe myopathy / EXIT","A15958T","tRNA Pro","-","+","Reported [VUS]","93.80%","0.000%(0.000%)","0 (0)",2,"15958_A_T"
15965,"MT-TP","Dopaminergic nerve cell death (PD)","A15965G","tRNA Pro","+","-","Reported","2.10%","0.018%(0.000%)","12 (0)",2,"15965_A_G"
15967,"MT-TP","MERRF-like disease","G15967A","tRNA Pro","-","+","Reported [VUS]","78.90%","0.000%(0.000%)","0 (0)",3,"15967_G_A"
15975,"MT-TP","Ataxia+RP+deafness","C15975T","tRNA Pro","-","+","Reported","78.30%","0.000%(0.000%)","0 (0)",1,"15975_C_T"
15986,"MT-TP","LHON modulator","G15986GG","tRNA Pro","","","Reported","-","0.000%(0.000%)","0 (0)",3,"15986_G_GG"
15990,"MT-TP","MM / PEO","C15990T","tRNA Pro","-","+","Cfrm [LP]","Pathogenic","0.000%(0.000%)","0 (0)",5,"15990_C_T"
15992,"MT-TP","Maternally inherited hypertension / tic disorder patient / hearing loss patient","A15992G","tRNA Pro","nr","nr","Reported","17.60%","0.008%(0.000%)","5 (0)",3,"15992_A_G"
15992,"MT-TP","Exercise-induced muscle swelling and fatigue","A15992T","tRNA Pro","+","-","Reported","17.60%","0.002%(0.000%)","1 (0)",1,"15992_A_T"
15995,"MT-TP","Mitochondrial cytopathy","G15995A","tRNA Pro","-","+","Reported","80.00%","0.000%(0.000%)","0 (0)",3,"15995_G_A"
15997,"MT-TP","Hearing loss patient","T15997C","tRNA Pro","nr","nr","Reported","60.10%","0.000%(0.000%)","0 (0)",2,"15997_T_C"
15998,"MT-TP","Mitochondrial myopathy","A15998T","tRNA Pro","-","+","Reported","57.50%","0.000%(0.000%)","0 (0)",1,"15998_A_T"
16002,"MT-TP","Mitochondrial cytopathy","T16002C","tRNA Pro","-","+","Reported [VUS]","75.80%","0.000%(0.000%)","0 (0)",2,"16002_T_C"
16015,"MT-TP","Mitochondrial myopathy","T16015C","tRNA Pro","-","+","Reported","50.40%","0.000%(0.000%)","0 (0)",1,"16015_T_C"
16018,"MT-TP","Dilated cardiomyopathy (15 bp dup), alternate notation","T16018TTCTCTGTTCTTTCAT","tRNA Pro","-","+","Reported","-","0.000%(0.000%)","0 (0)",2,"16018_T_TTCTCTGTTCTTTCAT"
16021,"MT-TP","Mitochondrial myopathy","16021_16022delCT","tRNA Pro","-","+","Reported","-","0.000%(0.000%)","0 (0)",1,"16020_TCT_T"
16023,"MT-TP","Migraine /pigmentary retinopathy /deafness /leukoarilosis; seizures / failure to thrive, neutropenia /anemia","G16023A","tRNA Pro","-","+","Reported","83.70%","0.000%(0.000%)","0 (0)",4,"16023_G_A"
16032,"MT-CR","Dilated cardiomyopathy (15 bp dup), alternate notation","T16032TTCTCTGTTCTTTCAT","tRNA Pro / CR","-","+","Reported","-","0.003%(0.000%)","2 (0)",1,"16032_T_TTCTCTGTTCTTTCAT"
